"Assembly","HelpFile","Target","Severity","ProblemId","Description","Remediation"
"Microsoft.Azure.Commands.ResourceManager.Automation.dll","Microsoft.Azure.Commands.ResourceManager.Automation.dll-help.xml","Microsoft.Azure.Commands.Automation.Cmdlet.GetAzureAutomationJobOutputRecord","1","6050","Help missing for cmdlet Get-AzureRmAutomationJobOutputRecord implemented by class Microsoft.Azure.Commands.Automation.Cmdlet.GetAzureAutomationJobOutputRecord","Add Help record for cmdlet Get-AzureRmAutomationJobOutputRecord to help file."
"Microsoft.Azure.Commands.ResourceManager.Automation.dll","Microsoft.Azure.Commands.ResourceManager.Automation.dll-help.xml","Microsoft.Azure.Commands.Automation.Cmdlet.RemoveAzureAutomationDscNodeConfiguration","1","6050","Help missing for cmdlet Remove-AzureRmAutomationDscNodeConfiguration implemented by class Microsoft.Azure.Commands.Automation.Cmdlet.RemoveAzureAutomationDscNodeConfiguration","Add Help record for cmdlet Remove-AzureRmAutomationDscNodeConfiguration to help file."
"Microsoft.Azure.Commands.ResourceManager.Automation.dll","Microsoft.Azure.Commands.ResourceManager.Automation.dll-help.xml","Microsoft.Azure.Commands.Automation.Cmdlet.RemoveAzureAutomationDscConfiguration","1","6050","Help missing for cmdlet Remove-AzureRmAutomationDscConfiguration implemented by class Microsoft.Azure.Commands.Automation.Cmdlet.RemoveAzureAutomationDscConfiguration","Add Help record for cmdlet Remove-AzureRmAutomationDscConfiguration to help file."
"Microsoft.AzureStack.Commands.StorageAdmin.dll","Microsoft.AzureStack.Commands.StorageAdmin.dll-Help.xml","Microsoft.AzureStack.Commands.StorageAdmin.GetEvent","1","6050","Help missing for cmdlet Get-ACSEvent implemented by class Microsoft.AzureStack.Commands.StorageAdmin.GetEvent","Add Help record for cmdlet Get-ACSEvent to help file."
"Microsoft.Azure.Commands.Compute.dll","Microsoft.Azure.Commands.Compute.dll-Help.xml","Microsoft.Azure.Commands.Compute.GetAzureRmVMAEMExtension","1","6050","Help missing for cmdlet Get-AzureRmVMAEMExtension implemented by class Microsoft.Azure.Commands.Compute.GetAzureRmVMAEMExtension","Add Help record for cmdlet Get-AzureRmVMAEMExtension to help file."
"Microsoft.Azure.Commands.Compute.dll","Microsoft.Azure.Commands.Compute.dll-Help.xml","Microsoft.Azure.Commands.Compute.RemoveAzureRmVMAEMExtension","1","6050","Help missing for cmdlet Remove-AzureRmVMAEMExtension implemented by class Microsoft.Azure.Commands.Compute.RemoveAzureRmVMAEMExtension","Add Help record for cmdlet Remove-AzureRmVMAEMExtension to help file."
"Microsoft.Azure.Commands.Compute.dll","Microsoft.Azure.Commands.Compute.dll-Help.xml","Microsoft.Azure.Commands.Compute.SetAzureRmVMAEMExtension","1","6050","Help missing for cmdlet Set-AzureRmVMAEMExtension implemented by class Microsoft.Azure.Commands.Compute.SetAzureRmVMAEMExtension","Add Help record for cmdlet Set-AzureRmVMAEMExtension to help file."
"Microsoft.Azure.Commands.Compute.dll","Microsoft.Azure.Commands.Compute.dll-Help.xml","Microsoft.Azure.Commands.Compute.TestAzureRmVMAEMExtension","1","6050","Help missing for cmdlet Test-AzureRmVMAEMExtension implemented by class Microsoft.Azure.Commands.Compute.TestAzureRmVMAEMExtension","Add Help record for cmdlet Test-AzureRmVMAEMExtension to help file."
"Microsoft.Azure.Commands.Compute.dll","Microsoft.Azure.Commands.Compute.dll-Help.xml","Microsoft.Azure.Commands.Compute.SetAzureVMBGInfoExtensionCommand","1","6050","Help missing for cmdlet Set-AzureRmVMBginfoExtension implemented by class Microsoft.Azure.Commands.Compute.SetAzureVMBGInfoExtensionCommand","Add Help record for cmdlet Set-AzureRmVMBginfoExtension to help file."
"Microsoft.Azure.Commands.Compute.dll","Microsoft.Azure.Commands.Compute.dll-Help.xml","Microsoft.Azure.Commands.Compute.SetAzureVMPlanCommand","1","6050","Help missing for cmdlet Set-AzureRmVMPlan implemented by class Microsoft.Azure.Commands.Compute.SetAzureVMPlanCommand","Add Help record for cmdlet Set-AzureRmVMPlan to help file."
"Microsoft.Azure.Commands.Management.Storage.dll","Microsoft.Azure.Commands.Management.Storage.dll-Help.xml","Microsoft.Azure.Commands.Management.Storage.SetAzureRmCurrentStorageAccount","1","6050","Help missing for cmdlet Set-AzureRmCurrentStorageAccount implemented by class Microsoft.Azure.Commands.Management.Storage.SetAzureRmCurrentStorageAccount","Add Help record for cmdlet Set-AzureRmCurrentStorageAccount to help file."
"Microsoft.Azure.Commands.Network.dll","Microsoft.Azure.Commands.Network.dll-Help.xml","Microsoft.Azure.Commands.Network.NewAzureApplicationGatewayPathRuleConfigCommand","1","6050","Help missing for cmdlet New-AzureRmApplicationGatewayPathRuleConfig implemented by class Microsoft.Azure.Commands.Network.NewAzureApplicationGatewayPathRuleConfigCommand","Add Help record for cmdlet New-AzureRmApplicationGatewayPathRuleConfig to help file."
"Microsoft.Azure.Commands.Network.dll","Microsoft.Azure.Commands.Network.dll-Help.xml","Microsoft.Azure.Commands.Network.AddAzureApplicationGatewayProbeConfigCommand","1","6050","Help missing for cmdlet Add-AzureRmApplicationGatewayProbeConfig implemented by class Microsoft.Azure.Commands.Network.AddAzureApplicationGatewayProbeConfigCommand","Add Help record for cmdlet Add-AzureRmApplicationGatewayProbeConfig to help file."
"Microsoft.Azure.Commands.Network.dll","Microsoft.Azure.Commands.Network.dll-Help.xml","Microsoft.Azure.Commands.Network.GetAzureApplicationGatewayProbeConfigCommand","1","6050","Help missing for cmdlet Get-AzureRmApplicationGatewayProbeConfig implemented by class Microsoft.Azure.Commands.Network.GetAzureApplicationGatewayProbeConfigCommand","Add Help record for cmdlet Get-AzureRmApplicationGatewayProbeConfig to help file."
"Microsoft.Azure.Commands.Network.dll","Microsoft.Azure.Commands.Network.dll-Help.xml","Microsoft.Azure.Commands.Network.NewAzureApplicationGatewayProbeConfigCommand","1","6050","Help missing for cmdlet New-AzureRmApplicationGatewayProbeConfig implemented by class Microsoft.Azure.Commands.Network.NewAzureApplicationGatewayProbeConfigCommand","Add Help record for cmdlet New-AzureRmApplicationGatewayProbeConfig to help file."
"Microsoft.Azure.Commands.Network.dll","Microsoft.Azure.Commands.Network.dll-Help.xml","Microsoft.Azure.Commands.Network.RemoveAzureApplicationGatewayProbeConfigCommand","1","6050","Help missing for cmdlet Remove-AzureRmApplicationGatewayProbeConfig implemented by class Microsoft.Azure.Commands.Network.RemoveAzureApplicationGatewayProbeConfigCommand","Add Help record for cmdlet Remove-AzureRmApplicationGatewayProbeConfig to help file."
"Microsoft.Azure.Commands.Network.dll","Microsoft.Azure.Commands.Network.dll-Help.xml","Microsoft.Azure.Commands.Network.SetAzureApplicationGatewayProbeConfigCommand","1","6050","Help missing for cmdlet Set-AzureRmApplicationGatewayProbeConfig implemented by class Microsoft.Azure.Commands.Network.SetAzureApplicationGatewayProbeConfigCommand","Add Help record for cmdlet Set-AzureRmApplicationGatewayProbeConfig to help file."
"Microsoft.Azure.Commands.Network.dll","Microsoft.Azure.Commands.Network.dll-Help.xml","Microsoft.Azure.Commands.Network.AddAzureApplicationGatewayUrlPathMapConfigCommand","1","6050","Help missing for cmdlet Add-AzureRmApplicationGatewayUrlPathMapConfig implemented by class Microsoft.Azure.Commands.Network.AddAzureApplicationGatewayUrlPathMapConfigCommand","Add Help record for cmdlet Add-AzureRmApplicationGatewayUrlPathMapConfig to help file."
"Microsoft.Azure.Commands.Network.dll","Microsoft.Azure.Commands.Network.dll-Help.xml","Microsoft.Azure.Commands.Network.GetAzureApplicationGatewayUrlPathMapConfigCommand","1","6050","Help missing for cmdlet Get-AzureRmApplicationGatewayUrlPathMapConfig implemented by class Microsoft.Azure.Commands.Network.GetAzureApplicationGatewayUrlPathMapConfigCommand","Add Help record for cmdlet Get-AzureRmApplicationGatewayUrlPathMapConfig to help file."
"Microsoft.Azure.Commands.Network.dll","Microsoft.Azure.Commands.Network.dll-Help.xml","Microsoft.Azure.Commands.Network.NewAzureApplicationGatewayUrlPathMapConfigCommand","1","6050","Help missing for cmdlet New-AzureRmApplicationGatewayUrlPathMapConfig implemented by class Microsoft.Azure.Commands.Network.NewAzureApplicationGatewayUrlPathMapConfigCommand","Add Help record for cmdlet New-AzureRmApplicationGatewayUrlPathMapConfig to help file."
"Microsoft.Azure.Commands.Network.dll","Microsoft.Azure.Commands.Network.dll-Help.xml","Microsoft.Azure.Commands.Network.RemoveAzureApplicationGatewayUrlPathMapConfigCommand","1","6050","Help missing for cmdlet Remove-AzureRmApplicationGatewayUrlPathMapConfig implemented by class Microsoft.Azure.Commands.Network.RemoveAzureApplicationGatewayUrlPathMapConfigCommand","Add Help record for cmdlet Remove-AzureRmApplicationGatewayUrlPathMapConfig to help file."
"Microsoft.Azure.Commands.Network.dll","Microsoft.Azure.Commands.Network.dll-Help.xml","Microsoft.Azure.Commands.Network.SetAzureApplicationGatewayUrlPathMapConfigCommand","1","6050","Help missing for cmdlet Set-AzureRmApplicationGatewayUrlPathMapConfig implemented by class Microsoft.Azure.Commands.Network.SetAzureApplicationGatewayUrlPathMapConfigCommand","Add Help record for cmdlet Set-AzureRmApplicationGatewayUrlPathMapConfig to help file."
"Microsoft.Azure.Commands.Network.dll","Microsoft.Azure.Commands.Network.dll-Help.xml","Microsoft.Azure.Commands.Network.AddAzureExpressRouteCircuitAuthorizationCommand","1","6050","Help missing for cmdlet Add-AzureRmExpressRouteCircuitAuthorization implemented by class Microsoft.Azure.Commands.Network.AddAzureExpressRouteCircuitAuthorizationCommand","Add Help record for cmdlet Add-AzureRmExpressRouteCircuitAuthorization to help file."
"Microsoft.Azure.Commands.Network.dll","Microsoft.Azure.Commands.Network.dll-Help.xml","Microsoft.Azure.Commands.Network.GetAzureExpressRouteCircuitAuthorizationCommand","1","6050","Help missing for cmdlet Get-AzureRmExpressRouteCircuitAuthorization implemented by class Microsoft.Azure.Commands.Network.GetAzureExpressRouteCircuitAuthorizationCommand","Add Help record for cmdlet Get-AzureRmExpressRouteCircuitAuthorization to help file."
"Microsoft.Azure.Commands.Network.dll","Microsoft.Azure.Commands.Network.dll-Help.xml","Microsoft.Azure.Commands.Network.NewAzureExpressRouteCircuitAuthorizationCommand","1","6050","Help missing for cmdlet New-AzureRmExpressRouteCircuitAuthorization implemented by class Microsoft.Azure.Commands.Network.NewAzureExpressRouteCircuitAuthorizationCommand","Add Help record for cmdlet New-AzureRmExpressRouteCircuitAuthorization to help file."
"Microsoft.Azure.Commands.Network.dll","Microsoft.Azure.Commands.Network.dll-Help.xml","Microsoft.Azure.Commands.Network.RemoveAzureExpressRouteCircuitAuthorizationCommand","1","6050","Help missing for cmdlet Remove-AzureRmExpressRouteCircuitAuthorization implemented by class Microsoft.Azure.Commands.Network.RemoveAzureExpressRouteCircuitAuthorizationCommand","Add Help record for cmdlet Remove-AzureRmExpressRouteCircuitAuthorization to help file."
"Microsoft.Azure.Commands.Network.dll","Microsoft.Azure.Commands.Network.dll-Help.xml","Microsoft.Azure.Commands.Network.GetAzureVpnClientRootCertificates","1","6050","Help missing for cmdlet Get-AzureRmVpnClientRootCertificate implemented by class Microsoft.Azure.Commands.Network.GetAzureVpnClientRootCertificates","Add Help record for cmdlet Get-AzureRmVpnClientRootCertificate to help file."
"Microsoft.Azure.Commands.Network.dll","Microsoft.Azure.Commands.Network.dll-Help.xml","Microsoft.Azure.Commands.Network.GetAzureVpnClientRevokedCertificates","1","6050","Help missing for cmdlet Get-AzureRmVpnClientRevokedCertificate implemented by class Microsoft.Azure.Commands.Network.GetAzureVpnClientRevokedCertificates","Add Help record for cmdlet Get-AzureRmVpnClientRevokedCertificate to help file."
"Microsoft.Azure.Commands.Network.dll","Microsoft.Azure.Commands.Network.dll-Help.xml","Microsoft.Azure.Commands.Network.AddAzureVpnClientRootCertificateCommand","1","6050","Help missing for cmdlet Add-AzureRmVpnClientRootCertificate implemented by class Microsoft.Azure.Commands.Network.AddAzureVpnClientRootCertificateCommand","Add Help record for cmdlet Add-AzureRmVpnClientRootCertificate to help file."
"Microsoft.Azure.Commands.Network.dll","Microsoft.Azure.Commands.Network.dll-Help.xml","Microsoft.Azure.Commands.Network.AddAzureVpnClientRevokedCertificateCommand","1","6050","Help missing for cmdlet Add-AzureRmVpnClientRevokedCertificate implemented by class Microsoft.Azure.Commands.Network.AddAzureVpnClientRevokedCertificateCommand","Add Help record for cmdlet Add-AzureRmVpnClientRevokedCertificate to help file."
"Microsoft.Azure.Commands.Network.dll","Microsoft.Azure.Commands.Network.dll-Help.xml","Microsoft.Azure.Commands.Network.NewAzureVpnClientRootCertificateCommand","1","6050","Help missing for cmdlet New-AzureRmVpnClientRootCertificate implemented by class Microsoft.Azure.Commands.Network.NewAzureVpnClientRootCertificateCommand","Add Help record for cmdlet New-AzureRmVpnClientRootCertificate to help file."
"Microsoft.Azure.Commands.Network.dll","Microsoft.Azure.Commands.Network.dll-Help.xml","Microsoft.Azure.Commands.Network.NewAzureVpnClientRevokedCertificateCommand","1","6050","Help missing for cmdlet New-AzureRmVpnClientRevokedCertificate implemented by class Microsoft.Azure.Commands.Network.NewAzureVpnClientRevokedCertificateCommand","Add Help record for cmdlet New-AzureRmVpnClientRevokedCertificate to help file."
"Microsoft.Azure.Commands.Network.dll","Microsoft.Azure.Commands.Network.dll-Help.xml","Microsoft.Azure.Commands.Network.ResizeAzureVirtualNetworkGatewayCommand","1","6050","Help missing for cmdlet Resize-AzureRmVirtualNetworkGateway implemented by class Microsoft.Azure.Commands.Network.ResizeAzureVirtualNetworkGatewayCommand","Add Help record for cmdlet Resize-AzureRmVirtualNetworkGateway to help file."
"Microsoft.Azure.Commands.Network.dll","Microsoft.Azure.Commands.Network.dll-Help.xml","Microsoft.Azure.Commands.Network.RemoveAzureVpnClientRevokedCertificateCommand","1","6050","Help missing for cmdlet Remove-AzureRmVpnClientRevokedCertificate implemented by class Microsoft.Azure.Commands.Network.RemoveAzureVpnClientRevokedCertificateCommand","Add Help record for cmdlet Remove-AzureRmVpnClientRevokedCertificate to help file."
"Microsoft.Azure.Commands.Network.dll","Microsoft.Azure.Commands.Network.dll-Help.xml","Microsoft.Azure.Commands.Network.RemoveAzureVpnClientRootCertificateCommand","1","6050","Help missing for cmdlet Remove-AzureRmVpnClientRootCertificate implemented by class Microsoft.Azure.Commands.Network.RemoveAzureVpnClientRootCertificateCommand","Add Help record for cmdlet Remove-AzureRmVpnClientRootCertificate to help file."
"Microsoft.Azure.Commands.Network.dll","Microsoft.Azure.Commands.Network.dll-Help.xml","Microsoft.Azure.Commands.Network.SetAzureVirtualNetworkGatewayVpnClientConfigCommand","1","6050","Help missing for cmdlet Set-AzureRmVirtualNetworkGatewayVpnClientConfig implemented by class Microsoft.Azure.Commands.Network.SetAzureVirtualNetworkGatewayVpnClientConfigCommand","Add Help record for cmdlet Set-AzureRmVirtualNetworkGatewayVpnClientConfig to help file."
"Microsoft.Azure.Commands.Network.dll","Microsoft.Azure.Commands.Network.dll-Help.xml","Microsoft.Azure.Commands.Network.GetAzureVpnClientPackage","1","6050","Help missing for cmdlet Get-AzureRmVpnClientPackage implemented by class Microsoft.Azure.Commands.Network.GetAzureVpnClientPackage","Add Help record for cmdlet Get-AzureRmVpnClientPackage to help file."
"Microsoft.Azure.Commands.Network.dll","Microsoft.Azure.Commands.Network.dll-Help.xml","Microsoft.Azure.Commands.Network.SetAzureVirtualNetworkGatewayDefaultSiteCommand","1","6050","Help missing for cmdlet Set-AzureRmVirtualNetworkGatewayDefaultSite implemented by class Microsoft.Azure.Commands.Network.SetAzureVirtualNetworkGatewayDefaultSiteCommand","Add Help record for cmdlet Set-AzureRmVirtualNetworkGatewayDefaultSite to help file."
"Microsoft.Azure.Commands.Network.dll","Microsoft.Azure.Commands.Network.dll-Help.xml","Microsoft.Azure.Commands.Network.RemoveAzureVirtualNetworkGatewayDefaultSiteCommand","1","6050","Help missing for cmdlet Remove-AzureRmVirtualNetworkGatewayDefaultSite implemented by class Microsoft.Azure.Commands.Network.RemoveAzureVirtualNetworkGatewayDefaultSiteCommand","Add Help record for cmdlet Remove-AzureRmVirtualNetworkGatewayDefaultSite to help file."
"Microsoft.Azure.Commands.Resources.dll","Microsoft.Azure.Commands.Resources.dll-Help.xml","Microsoft.Azure.Commands.ActiveDirectory.GetAzureADApplicationCommand","1","6050","Help missing for cmdlet Get-AzureRmADApplication implemented by class Microsoft.Azure.Commands.ActiveDirectory.GetAzureADApplicationCommand","Add Help record for cmdlet Get-AzureRmADApplication to help file."
"Microsoft.Azure.Commands.DataLakeStore.dll","Microsoft.Azure.Commands.DataLakeStore.dll-help.xml","Microsoft.Azure.Commands.DataLakeStore.AddAzureDataLakeStoreItemContent","1","6050","Help missing for cmdlet Add-AzureRmDataLakeStoreItemContent implemented by class Microsoft.Azure.Commands.DataLakeStore.AddAzureDataLakeStoreItemContent","Add Help record for cmdlet Add-AzureRmDataLakeStoreItemContent to help file."
"Microsoft.Azure.Commands.OperationalInsights.dll","Microsoft.Azure.Commands.OperationalInsights.dll-Help.xml","Microsoft.Azure.Commands.OperationalInsights.GetAzureOperationalInsightsSavedSearchCommand","1","6050","Help missing for cmdlet Get-AzureRmOperationalInsightsSavedSearch implemented by class Microsoft.Azure.Commands.OperationalInsights.GetAzureOperationalInsightsSavedSearchCommand","Add Help record for cmdlet Get-AzureRmOperationalInsightsSavedSearch to help file."
"Microsoft.Azure.Commands.OperationalInsights.dll","Microsoft.Azure.Commands.OperationalInsights.dll-Help.xml","Microsoft.Azure.Commands.OperationalInsights.GetAzureOperationalInsightsSavedSearchResultsCommand","1","6050","Help missing for cmdlet Get-AzureRmOperationalInsightsSavedSearchResults implemented by class Microsoft.Azure.Commands.OperationalInsights.GetAzureOperationalInsightsSavedSearchResultsCommand","Add Help record for cmdlet Get-AzureRmOperationalInsightsSavedSearchResults to help file."
"Microsoft.Azure.Commands.OperationalInsights.dll","Microsoft.Azure.Commands.OperationalInsights.dll-Help.xml","Microsoft.Azure.Commands.OperationalInsights.GetAzureOperationalInsightsSchemaCommand","1","6050","Help missing for cmdlet Get-AzureRmOperationalInsightsSchema implemented by class Microsoft.Azure.Commands.OperationalInsights.GetAzureOperationalInsightsSchemaCommand","Add Help record for cmdlet Get-AzureRmOperationalInsightsSchema to help file."
"Microsoft.Azure.Commands.OperationalInsights.dll","Microsoft.Azure.Commands.OperationalInsights.dll-Help.xml","Microsoft.Azure.Commands.OperationalInsights.GetAzureOperationalInsightsSearchResultsCommand","1","6050","Help missing for cmdlet Get-AzureRmOperationalInsightsSearchResults implemented by class Microsoft.Azure.Commands.OperationalInsights.GetAzureOperationalInsightsSearchResultsCommand","Add Help record for cmdlet Get-AzureRmOperationalInsightsSearchResults to help file."
"Microsoft.Azure.Commands.OperationalInsights.dll","Microsoft.Azure.Commands.OperationalInsights.dll-Help.xml","Microsoft.Azure.Commands.OperationalInsights.NewAzureOperationalInsightsSavedSearchCommand","1","6050","Help missing for cmdlet New-AzureRmOperationalInsightsSavedSearch implemented by class Microsoft.Azure.Commands.OperationalInsights.NewAzureOperationalInsightsSavedSearchCommand","Add Help record for cmdlet New-AzureRmOperationalInsightsSavedSearch to help file."
"Microsoft.Azure.Commands.OperationalInsights.dll","Microsoft.Azure.Commands.OperationalInsights.dll-Help.xml","Microsoft.Azure.Commands.OperationalInsights.SetAzureOperationalInsightsSavedSearchCommand","1","6050","Help missing for cmdlet Set-AzureRmOperationalInsightsSavedSearch implemented by class Microsoft.Azure.Commands.OperationalInsights.SetAzureOperationalInsightsSavedSearchCommand","Add Help record for cmdlet Set-AzureRmOperationalInsightsSavedSearch to help file."
"Microsoft.Azure.Commands.OperationalInsights.dll","Microsoft.Azure.Commands.OperationalInsights.dll-Help.xml","Microsoft.Azure.Commands.OperationalInsights.RemoveAzureOperationalInsightsSavedSearchCommand","1","6050","Help missing for cmdlet Remove-AzureRmOperationalInsightsSavedSearch implemented by class Microsoft.Azure.Commands.OperationalInsights.RemoveAzureOperationalInsightsSavedSearchCommand","Add Help record for cmdlet Remove-AzureRmOperationalInsightsSavedSearch to help file."
"Microsoft.Azure.Commands.Sql.dll","Microsoft.Azure.Commands.Sql.dll-Help.xml","Microsoft.Azure.Commands.Sql.ServerDisasterRecoveryConfiguration.Cmdlet.GetAzureSqlServerDisasterRecoveryConfiguration","1","6050","Help missing for cmdlet Get-AzureRmSqlServerDisasterRecoveryConfiguration implemented by class Microsoft.Azure.Commands.Sql.ServerDisasterRecoveryConfiguration.Cmdlet.GetAzureSqlServerDisasterRecoveryConfiguration","Add Help record for cmdlet Get-AzureRmSqlServerDisasterRecoveryConfiguration to help file."
"Microsoft.Azure.Commands.Sql.dll","Microsoft.Azure.Commands.Sql.dll-Help.xml","Microsoft.Azure.Commands.Sql.ServerDisasterRecoveryConfiguration.Cmdlet.GetAzureSqlServerDisasterRecoveryConfigurationActivity","1","6050","Help missing for cmdlet Get-AzureRmSqlServerDisasterRecoveryConfigurationActivity implemented by class Microsoft.Azure.Commands.Sql.ServerDisasterRecoveryConfiguration.Cmdlet.GetAzureSqlServerDisasterRecoveryConfigurationActivity","Add Help record for cmdlet Get-AzureRmSqlServerDisasterRecoveryConfigurationActivity to help file."
"Microsoft.Azure.Commands.Sql.dll","Microsoft.Azure.Commands.Sql.dll-Help.xml","Microsoft.Azure.Commands.Sql.ServerDisasterRecoveryConfiguration.Cmdlet.NewAzureSqlServerDisasterRecoveryConfiguration","1","6050","Help missing for cmdlet New-AzureRmSqlServerDisasterRecoveryConfiguration implemented by class Microsoft.Azure.Commands.Sql.ServerDisasterRecoveryConfiguration.Cmdlet.NewAzureSqlServerDisasterRecoveryConfiguration","Add Help record for cmdlet New-AzureRmSqlServerDisasterRecoveryConfiguration to help file."
"Microsoft.Azure.Commands.Sql.dll","Microsoft.Azure.Commands.Sql.dll-Help.xml","Microsoft.Azure.Commands.Sql.ServerDisasterRecoveryConfiguration.Cmdlet.RemoveAzureSqlServerDisasterRecoveryConfiguration","1","6050","Help missing for cmdlet Remove-AzureRmSqlServerDisasterRecoveryConfiguration implemented by class Microsoft.Azure.Commands.Sql.ServerDisasterRecoveryConfiguration.Cmdlet.RemoveAzureSqlServerDisasterRecoveryConfiguration","Add Help record for cmdlet Remove-AzureRmSqlServerDisasterRecoveryConfiguration to help file."
"Microsoft.Azure.Commands.Sql.dll","Microsoft.Azure.Commands.Sql.dll-Help.xml","Microsoft.Azure.Commands.Sql.ServerDisasterRecoveryConfiguration.Cmdlet.SetAzureSqlServerDisasterRecoveryConfiguration","1","6050","Help missing for cmdlet Set-AzureRmSqlServerDisasterRecoveryConfiguration implemented by class Microsoft.Azure.Commands.Sql.ServerDisasterRecoveryConfiguration.Cmdlet.SetAzureSqlServerDisasterRecoveryConfiguration","Add Help record for cmdlet Set-AzureRmSqlServerDisasterRecoveryConfiguration to help file."
"Microsoft.Azure.Commands.TrafficManager.dll","Microsoft.Azure.Commands.TrafficManager.dll-help.xml","Microsoft.Azure.Commands.TrafficManager.DisableAzureTrafficManagerEndpoint","1","6050","Help missing for cmdlet Disable-AzureRmTrafficManagerEndpoint implemented by class Microsoft.Azure.Commands.TrafficManager.DisableAzureTrafficManagerEndpoint","Add Help record for cmdlet Disable-AzureRmTrafficManagerEndpoint to help file."
"Microsoft.Azure.Commands.TrafficManager.dll","Microsoft.Azure.Commands.TrafficManager.dll-help.xml","Microsoft.Azure.Commands.TrafficManager.EnableAzureTrafficManagerEndpoint","1","6050","Help missing for cmdlet Enable-AzureRmTrafficManagerEndpoint implemented by class Microsoft.Azure.Commands.TrafficManager.EnableAzureTrafficManagerEndpoint","Add Help record for cmdlet Enable-AzureRmTrafficManagerEndpoint to help file."
"Microsoft.Azure.Commands.TrafficManager.dll","Microsoft.Azure.Commands.TrafficManager.dll-help.xml","Microsoft.Azure.Commands.TrafficManager.SetAzureTrafficManagerEndpoint","1","6050","Help missing for cmdlet Set-AzureRmTrafficManagerEndpoint implemented by class Microsoft.Azure.Commands.TrafficManager.SetAzureTrafficManagerEndpoint","Add Help record for cmdlet Set-AzureRmTrafficManagerEndpoint to help file."
"Microsoft.Azure.Commands.TrafficManager.dll","Microsoft.Azure.Commands.TrafficManager.dll-help.xml","Microsoft.Azure.Commands.TrafficManager.GetAzureTrafficManagerEndpoint","1","6050","Help missing for cmdlet Get-AzureRmTrafficManagerEndpoint implemented by class Microsoft.Azure.Commands.TrafficManager.GetAzureTrafficManagerEndpoint","Add Help record for cmdlet Get-AzureRmTrafficManagerEndpoint to help file."
"Microsoft.Azure.Commands.TrafficManager.dll","Microsoft.Azure.Commands.TrafficManager.dll-help.xml","Microsoft.Azure.Commands.TrafficManager.RemoveAzureTrafficManagerEndpoint","1","6050","Help missing for cmdlet Remove-AzureRmTrafficManagerEndpoint implemented by class Microsoft.Azure.Commands.TrafficManager.RemoveAzureTrafficManagerEndpoint","Add Help record for cmdlet Remove-AzureRmTrafficManagerEndpoint to help file."
"Microsoft.Azure.Commands.TrafficManager.dll","Microsoft.Azure.Commands.TrafficManager.dll-help.xml","Microsoft.Azure.Commands.TrafficManager.NewAzureTrafficManagerEndpoint","1","6050","Help missing for cmdlet New-AzureRmTrafficManagerEndpoint implemented by class Microsoft.Azure.Commands.TrafficManager.NewAzureTrafficManagerEndpoint","Add Help record for cmdlet New-AzureRmTrafficManagerEndpoint to help file."
"Microsoft.Azure.Commands.TrafficManager.dll","Microsoft.Azure.Commands.TrafficManager.dll-help.xml","Microsoft.Azure.Commands.TrafficManager.DisableAzureTrafficManagerProfile","1","6050","Help missing for cmdlet Disable-AzureRmTrafficManagerProfile implemented by class Microsoft.Azure.Commands.TrafficManager.DisableAzureTrafficManagerProfile","Add Help record for cmdlet Disable-AzureRmTrafficManagerProfile to help file."
"Microsoft.Azure.Commands.TrafficManager.dll","Microsoft.Azure.Commands.TrafficManager.dll-help.xml","Microsoft.Azure.Commands.TrafficManager.EnableAzureTrafficManagerProfile","1","6050","Help missing for cmdlet Enable-AzureRmTrafficManagerProfile implemented by class Microsoft.Azure.Commands.TrafficManager.EnableAzureTrafficManagerProfile","Add Help record for cmdlet Enable-AzureRmTrafficManagerProfile to help file."
"Microsoft.Azure.Commands.Automation.dll","Microsoft.Azure.Commands.Automation.dll-help.xml","Microsoft.Azure.Commands.Automation.Cmdlet.RemoveAzureAutomationConnection","1","6050","Help missing for cmdlet Remove-AzureAutomationConnection implemented by class Microsoft.Azure.Commands.Automation.Cmdlet.RemoveAzureAutomationConnection","Add Help record for cmdlet Remove-AzureAutomationConnection to help file."
"Microsoft.Azure.Commands.Automation.dll","Microsoft.Azure.Commands.Automation.dll-help.xml","Microsoft.Azure.Commands.Automation.Cmdlet.RemoveAzureAutomationConnectionType","1","6050","Help missing for cmdlet Remove-AzureAutomationConnectionType implemented by class Microsoft.Azure.Commands.Automation.Cmdlet.RemoveAzureAutomationConnectionType","Add Help record for cmdlet Remove-AzureAutomationConnectionType to help file."
"Microsoft.Azure.Commands.Automation.dll","Microsoft.Azure.Commands.Automation.dll-help.xml","Microsoft.Azure.Commands.Automation.Cmdlet.SetAzureAutomationConnectionFieldValue","1","6050","Help missing for cmdlet Set-AzureAutomationConnectionFieldValue implemented by class Microsoft.Azure.Commands.Automation.Cmdlet.SetAzureAutomationConnectionFieldValue","Add Help record for cmdlet Set-AzureAutomationConnectionFieldValue to help file."
"Microsoft.WindowsAzure.Commands.ServiceManagement.dll","Microsoft.WindowsAzure.Commands.ServiceManagement.dll-Help.xml","Microsoft.WindowsAzure.Commands.ServiceManagement.IaaS.Extensions.NewAzureVMSqlServerKeyVaultCredentialConfigCommand","1","6050","Help missing for cmdlet New-AzureVMSqlServerKeyVaultCredentialConfig implemented by class Microsoft.WindowsAzure.Commands.ServiceManagement.IaaS.Extensions.NewAzureVMSqlServerKeyVaultCredentialConfigCommand","Add Help record for cmdlet New-AzureVMSqlServerKeyVaultCredentialConfig to help file."
"Microsoft.WindowsAzure.Commands.ServiceManagement.dll","Microsoft.WindowsAzure.Commands.ServiceManagement.dll-Help.xml","Microsoft.WindowsAzure.Commands.ServiceManagement.IaaS.SetAzureBootDiagnosticsCommand","1","6050","Help missing for cmdlet Set-AzureBootDiagnostics implemented by class Microsoft.WindowsAzure.Commands.ServiceManagement.IaaS.SetAzureBootDiagnosticsCommand","Add Help record for cmdlet Set-AzureBootDiagnostics to help file."
"Microsoft.WindowsAzure.Commands.ServiceManagement.PlatformImageRepository.dll","Microsoft.WindowsAzure.Commands.ServiceManagement.PlatformImageRepository.dll-Help.xml","Microsoft.WindowsAzure.Commands.ServiceManagement.Extensions.GetAzureServiceAvailableExtensionCommand","1","6050","Help missing for cmdlet Get-AzurePlatformExtension implemented by class Microsoft.WindowsAzure.Commands.ServiceManagement.Extensions.GetAzureServiceAvailableExtensionCommand","Add Help record for cmdlet Get-AzurePlatformExtension to help file."
"Microsoft.WindowsAzure.Commands.ServiceManagement.PlatformImageRepository.dll","Microsoft.WindowsAzure.Commands.ServiceManagement.PlatformImageRepository.dll-Help.xml","Microsoft.WindowsAzure.Commands.ServiceManagement.PlatformImageRepository.ImagePublishing.NewAzurePlatformMarketplaceImageConfig","1","6050","Help missing for cmdlet New-AzurePlatformMarketplaceImageConfig implemented by class Microsoft.WindowsAzure.Commands.ServiceManagement.PlatformImageRepository.ImagePublishing.NewAzurePlatformMarketplaceImageConfig","Add Help record for cmdlet New-AzurePlatformMarketplaceImageConfig to help file."
"Microsoft.WindowsAzure.Commands.ServiceManagement.PlatformImageRepository.dll","Microsoft.WindowsAzure.Commands.ServiceManagement.PlatformImageRepository.dll-Help.xml","Microsoft.WindowsAzure.Commands.ServiceManagement.PlatformImageRepository.ImagePublishing.NewAzurePlatformComputeImageConfig","1","6050","Help missing for cmdlet New-AzurePlatformComputeImageConfig implemented by class Microsoft.WindowsAzure.Commands.ServiceManagement.PlatformImageRepository.ImagePublishing.NewAzurePlatformComputeImageConfig","Add Help record for cmdlet New-AzurePlatformComputeImageConfig to help file."
"Microsoft.WindowsAzure.Commands.ExpressRoute.dll","Microsoft.WindowsAzure.Commands.ExpressRoute.dll-Help.xml","Microsoft.WindowsAzure.Commands.ExpressRoute.GetAzureCrossConnectionCommand","1","6050","Help missing for cmdlet Get-AzureCrossConnection implemented by class Microsoft.WindowsAzure.Commands.ExpressRoute.GetAzureCrossConnectionCommand","Add Help record for cmdlet Get-AzureCrossConnection to help file."
"Microsoft.WindowsAzure.Commands.ExpressRoute.dll","Microsoft.WindowsAzure.Commands.ExpressRoute.dll-Help.xml","Microsoft.WindowsAzure.Commands.ExpressRoute.NewAzureCrossConnectionCommand","1","6050","Help missing for cmdlet New-AzureCrossConnection implemented by class Microsoft.WindowsAzure.Commands.ExpressRoute.NewAzureCrossConnectionCommand","Add Help record for cmdlet New-AzureCrossConnection to help file."
"Microsoft.WindowsAzure.Commands.ExpressRoute.dll","Microsoft.WindowsAzure.Commands.ExpressRoute.dll-Help.xml","Microsoft.WindowsAzure.Commands.ExpressRoute.SetAzureCrossConnectionCommand","1","6050","Help missing for cmdlet Set-AzureCrossConnection implemented by class Microsoft.WindowsAzure.Commands.ExpressRoute.SetAzureCrossConnectionCommand","Add Help record for cmdlet Set-AzureCrossConnection to help file."
"Microsoft.WindowsAzure.Commands.ExpressRoute.dll","Microsoft.WindowsAzure.Commands.ExpressRoute.dll-Help.xml","Microsoft.WindowsAzure.Commands.ExpressRoute.GetAzureDedicatedCircuitPeeringArpInfoCommand","1","6050","Help missing for cmdlet Get-AzureDedicatedCircuitPeeringArpInfo implemented by class Microsoft.WindowsAzure.Commands.ExpressRoute.GetAzureDedicatedCircuitPeeringArpInfoCommand","Add Help record for cmdlet Get-AzureDedicatedCircuitPeeringArpInfo to help file."
"Microsoft.WindowsAzure.Commands.ExpressRoute.dll","Microsoft.WindowsAzure.Commands.ExpressRoute.dll-Help.xml","Microsoft.WindowsAzure.Commands.ExpressRoute.GetAzureDedicatedCircuitPeeringRouteTableInfoCommand","1","6050","Help missing for cmdlet Get-AzureDedicatedCircuitPeeringRouteTableInfo implemented by class Microsoft.WindowsAzure.Commands.ExpressRoute.GetAzureDedicatedCircuitPeeringRouteTableInfoCommand","Add Help record for cmdlet Get-AzureDedicatedCircuitPeeringRouteTableInfo to help file."
"Microsoft.WindowsAzure.Commands.ExpressRoute.dll","Microsoft.WindowsAzure.Commands.ExpressRoute.dll-Help.xml","Microsoft.WindowsAzure.Commands.ExpressRoute.GetAzureDedicatedCircuitPeeringRouteTableSummaryCommand","1","6050","Help missing for cmdlet Get-AzureDedicatedCircuitPeeringRouteTableSummary implemented by class Microsoft.WindowsAzure.Commands.ExpressRoute.GetAzureDedicatedCircuitPeeringRouteTableSummaryCommand","Add Help record for cmdlet Get-AzureDedicatedCircuitPeeringRouteTableSummary to help file."
"Microsoft.WindowsAzure.Commands.ExpressRoute.dll","Microsoft.WindowsAzure.Commands.ExpressRoute.dll-Help.xml","Microsoft.WindowsAzure.Commands.ExpressRoute.GetAzureDedicatedCircuitPeeringStatsCommand","1","6050","Help missing for cmdlet Get-AzureDedicatedCircuitStats implemented by class Microsoft.WindowsAzure.Commands.ExpressRoute.GetAzureDedicatedCircuitPeeringStatsCommand","Add Help record for cmdlet Get-AzureDedicatedCircuitStats to help file."
"Microsoft.WindowsAzure.Commands.ExpressRoute.dll","Microsoft.WindowsAzure.Commands.ExpressRoute.dll-Help.xml","Microsoft.WindowsAzure.Commands.ExpressRoute.SetAzureDedicatedCircuitPropertiesCommand","1","6050","Help missing for cmdlet Set-AzureDedicatedCircuitProperties implemented by class Microsoft.WindowsAzure.Commands.ExpressRoute.SetAzureDedicatedCircuitPropertiesCommand","Add Help record for cmdlet Set-AzureDedicatedCircuitProperties to help file."
"Microsoft.WindowsAzure.Commands.HDInsight.dll","Microsoft.WindowsAzure.Commands.HDInsight.dll-Help.xml","Microsoft.WindowsAzure.Management.HDInsight.Cmdlet.PSCmdlets.AddAzureHDInsightScriptActionCmdlet","1","6050","Help missing for cmdlet Add-AzureHDInsightScriptAction implemented by class Microsoft.WindowsAzure.Management.HDInsight.Cmdlet.PSCmdlets.AddAzureHDInsightScriptActionCmdlet","Add Help record for cmdlet Add-AzureHDInsightScriptAction to help file."
"Microsoft.WindowsAzure.Commands.HDInsight.dll","Microsoft.WindowsAzure.Commands.HDInsight.dll-Help.xml","Microsoft.WindowsAzure.Management.HDInsight.Cmdlet.PSCmdlets.GrantAzureHdinsightRdpAccessCmdlet","1","6050","Help missing for cmdlet Grant-AzureHDInsightRdpAccess implemented by class Microsoft.WindowsAzure.Management.HDInsight.Cmdlet.PSCmdlets.GrantAzureHdinsightRdpAccessCmdlet","Add Help record for cmdlet Grant-AzureHDInsightRdpAccess to help file."
"Microsoft.WindowsAzure.Commands.HDInsight.dll","Microsoft.WindowsAzure.Commands.HDInsight.dll-Help.xml","Microsoft.WindowsAzure.Management.HDInsight.Cmdlet.PSCmdlets.RevokeAzureHDInsightRdpAccessCmdlet","1","6050","Help missing for cmdlet Revoke-AzureHDInsightRdpAccess implemented by class Microsoft.WindowsAzure.Management.HDInsight.Cmdlet.PSCmdlets.RevokeAzureHDInsightRdpAccessCmdlet","Add Help record for cmdlet Revoke-AzureHDInsightRdpAccess to help file."
"Microsoft.WindowsAzure.Commands.HDInsight.dll","Microsoft.WindowsAzure.Commands.HDInsight.dll-Help.xml","Microsoft.WindowsAzure.Commands.HDInsight.Cmdlet.PSCmdlets.SetAzureHDInsightClusterSizeCmdlet","1","6050","Help missing for cmdlet Set-AzureHDInsightClusterSize implemented by class Microsoft.WindowsAzure.Commands.HDInsight.Cmdlet.PSCmdlets.SetAzureHDInsightClusterSizeCmdlet","Add Help record for cmdlet Set-AzureHDInsightClusterSize to help file."
"Microsoft.Azure.Commands.ManagedCache.dll","Microsoft.Azure.Commands.ManagedCache.dll-help.xml","Microsoft.Azure.Commands.ManagedCache.AzureManagedCacheLocation","1","6050","Help missing for cmdlet Get-AzureManagedCacheLocation implemented by class Microsoft.Azure.Commands.ManagedCache.AzureManagedCacheLocation","Add Help record for cmdlet Get-AzureManagedCacheLocation to help file."
"Microsoft.WindowsAzure.Commands.ServiceManagement.Network.dll","Microsoft.WindowsAzure.Commands.ServiceManagement.Network.dll-help.xml","Microsoft.WindowsAzure.Commands.ServiceManagement.Network.Gateway.GetAzureVirtualNetworkConnectionGateway","1","6050","Help missing for cmdlet Get-AzureVirtualNetworkGatewayConnection implemented by class Microsoft.WindowsAzure.Commands.ServiceManagement.Network.Gateway.GetAzureVirtualNetworkConnectionGateway","Add Help record for cmdlet Get-AzureVirtualNetworkGatewayConnection to help file."
"Microsoft.WindowsAzure.Commands.ServiceManagement.Network.dll","Microsoft.WindowsAzure.Commands.ServiceManagement.Network.dll-help.xml","Microsoft.WindowsAzure.Commands.ServiceManagement.Network.Gateway.GetAzureVirtualNetworkGatewayDiagnostics","1","6050","Help missing for cmdlet Get-AzureVirtualNetworkGatewayDiagnostics implemented by class Microsoft.WindowsAzure.Commands.ServiceManagement.Network.Gateway.GetAzureVirtualNetworkGatewayDiagnostics","Add Help record for cmdlet Get-AzureVirtualNetworkGatewayDiagnostics to help file."
"Microsoft.WindowsAzure.Commands.ServiceManagement.Network.dll","Microsoft.WindowsAzure.Commands.ServiceManagement.Network.dll-help.xml","Microsoft.WindowsAzure.Commands.ServiceManagement.Network.Gateway.GetAzureVirtualNetworkGatewayIPsecParameters","1","6050","Help missing for cmdlet Get-AzureVirtualNetworkGatewayIPsecParameters implemented by class Microsoft.WindowsAzure.Commands.ServiceManagement.Network.Gateway.GetAzureVirtualNetworkGatewayIPsecParameters","Add Help record for cmdlet Get-AzureVirtualNetworkGatewayIPsecParameters to help file."
"Microsoft.WindowsAzure.Commands.ServiceManagement.Network.dll","Microsoft.WindowsAzure.Commands.ServiceManagement.Network.dll-help.xml","Microsoft.WindowsAzure.Commands.ServiceManagement.Network.Gateway.GetAzureVirtualNetworkGatewayKey","1","6050","Help missing for cmdlet Get-AzureVirtualNetworkGatewayKey implemented by class Microsoft.WindowsAzure.Commands.ServiceManagement.Network.Gateway.GetAzureVirtualNetworkGatewayKey","Add Help record for cmdlet Get-AzureVirtualNetworkGatewayKey to help file."
"Microsoft.WindowsAzure.Commands.ServiceManagement.Network.dll","Microsoft.WindowsAzure.Commands.ServiceManagement.Network.dll-help.xml","Microsoft.WindowsAzure.Commands.ServiceManagement.Network.Gateway.NewAzureVirtualNetworkGatewayCommand","1","6050","Help missing for cmdlet New-AzureVirtualNetworkGateway implemented by class Microsoft.WindowsAzure.Commands.ServiceManagement.Network.Gateway.NewAzureVirtualNetworkGatewayCommand","Add Help record for cmdlet New-AzureVirtualNetworkGateway to help file."
"Microsoft.WindowsAzure.Commands.ServiceManagement.Network.dll","Microsoft.WindowsAzure.Commands.ServiceManagement.Network.dll-help.xml","Microsoft.WindowsAzure.Commands.ServiceManagement.Network.Gateway.NewAzureVirtualNetworkGatewayConnectionCommand","1","6050","Help missing for cmdlet New-AzureVirtualNetworkGatewayConnection implemented by class Microsoft.WindowsAzure.Commands.ServiceManagement.Network.Gateway.NewAzureVirtualNetworkGatewayConnectionCommand","Add Help record for cmdlet New-AzureVirtualNetworkGatewayConnection to help file."
"Microsoft.WindowsAzure.Commands.ServiceManagement.Network.dll","Microsoft.WindowsAzure.Commands.ServiceManagement.Network.dll-help.xml","Microsoft.WindowsAzure.Commands.ServiceManagement.Network.Gateway.ResetAzureVirtualNetworkGatewayKey","1","6050","Help missing for cmdlet Reset-AzureVirtualNetworkGatewayKey implemented by class Microsoft.WindowsAzure.Commands.ServiceManagement.Network.Gateway.ResetAzureVirtualNetworkGatewayKey","Add Help record for cmdlet Reset-AzureVirtualNetworkGatewayKey to help file."
"Microsoft.WindowsAzure.Commands.ServiceManagement.Network.dll","Microsoft.WindowsAzure.Commands.ServiceManagement.Network.dll-help.xml","Microsoft.WindowsAzure.Commands.ServiceManagement.Network.Gateway.SetAzureVirtualNetworkGatewayIPsecParameters","1","6050","Help missing for cmdlet Set-AzureVirtualNetworkGatewayIPsecParameters implemented by class Microsoft.WindowsAzure.Commands.ServiceManagement.Network.Gateway.SetAzureVirtualNetworkGatewayIPsecParameters","Add Help record for cmdlet Set-AzureVirtualNetworkGatewayIPsecParameters to help file."
"Microsoft.WindowsAzure.Commands.ServiceManagement.Network.dll","Microsoft.WindowsAzure.Commands.ServiceManagement.Network.dll-help.xml","Microsoft.WindowsAzure.Commands.ServiceManagement.Network.Gateway.SetAzureVirtualNetworkGatewayKey","1","6050","Help missing for cmdlet Set-AzureVirtualNetworkGatewayKey implemented by class Microsoft.WindowsAzure.Commands.ServiceManagement.Network.Gateway.SetAzureVirtualNetworkGatewayKey","Add Help record for cmdlet Set-AzureVirtualNetworkGatewayKey to help file."
"Microsoft.WindowsAzure.Commands.ServiceManagement.Network.dll","Microsoft.WindowsAzure.Commands.ServiceManagement.Network.dll-help.xml","Microsoft.WindowsAzure.Commands.ServiceManagement.Network.Gateway.StartAzureVirtualNetworkGatewayDiagnostics","1","6050","Help missing for cmdlet Start-AzureVirtualNetworkGatewayDiagnostics implemented by class Microsoft.WindowsAzure.Commands.ServiceManagement.Network.Gateway.StartAzureVirtualNetworkGatewayDiagnostics","Add Help record for cmdlet Start-AzureVirtualNetworkGatewayDiagnostics to help file."
"Microsoft.WindowsAzure.Commands.ServiceManagement.Network.dll","Microsoft.WindowsAzure.Commands.ServiceManagement.Network.dll-help.xml","Microsoft.WindowsAzure.Commands.ServiceManagement.Network.Gateway.StopAzureVirtualNetworkGatewayDiagnostics","1","6050","Help missing for cmdlet Stop-AzureVirtualNetworkGatewayDiagnostics implemented by class Microsoft.WindowsAzure.Commands.ServiceManagement.Network.Gateway.StopAzureVirtualNetworkGatewayDiagnostics","Add Help record for cmdlet Stop-AzureVirtualNetworkGatewayDiagnostics to help file."
"Microsoft.WindowsAzure.Commands.ServiceManagement.Network.dll","Microsoft.WindowsAzure.Commands.ServiceManagement.Network.dll-help.xml","Microsoft.WindowsAzure.Commands.ServiceManagement.Network.Gateway.GetAzureLocalNetworkGateway","1","6050","Help missing for cmdlet Get-AzureLocalNetworkGateway implemented by class Microsoft.WindowsAzure.Commands.ServiceManagement.Network.Gateway.GetAzureLocalNetworkGateway","Add Help record for cmdlet Get-AzureLocalNetworkGateway to help file."
"Microsoft.WindowsAzure.Commands.ServiceManagement.Network.dll","Microsoft.WindowsAzure.Commands.ServiceManagement.Network.dll-help.xml","Microsoft.WindowsAzure.Commands.ServiceManagement.Network.Gateway.GetAzureVirtualNetworkGateway","1","6050","Help missing for cmdlet Get-AzureVirtualNetworkGateway implemented by class Microsoft.WindowsAzure.Commands.ServiceManagement.Network.Gateway.GetAzureVirtualNetworkGateway","Add Help record for cmdlet Get-AzureVirtualNetworkGateway to help file."
"Microsoft.WindowsAzure.Commands.ServiceManagement.Network.dll","Microsoft.WindowsAzure.Commands.ServiceManagement.Network.dll-help.xml","Microsoft.WindowsAzure.Commands.ServiceManagement.Network.Gateway.NewAzureLocalNetworkGateway","1","6050","Help missing for cmdlet New-AzureLocalNetworkGateway implemented by class Microsoft.WindowsAzure.Commands.ServiceManagement.Network.Gateway.NewAzureLocalNetworkGateway","Add Help record for cmdlet New-AzureLocalNetworkGateway to help file."
"Microsoft.WindowsAzure.Commands.ServiceManagement.Network.dll","Microsoft.WindowsAzure.Commands.ServiceManagement.Network.dll-help.xml","Microsoft.WindowsAzure.Commands.ServiceManagement.Network.Gateway.RemoveAzureLocalNetworkGateway","1","6050","Help missing for cmdlet Remove-AzureLocalNetworkGateway implemented by class Microsoft.WindowsAzure.Commands.ServiceManagement.Network.Gateway.RemoveAzureLocalNetworkGateway","Add Help record for cmdlet Remove-AzureLocalNetworkGateway to help file."
"Microsoft.WindowsAzure.Commands.ServiceManagement.Network.dll","Microsoft.WindowsAzure.Commands.ServiceManagement.Network.dll-help.xml","Microsoft.WindowsAzure.Commands.ServiceManagement.Network.Gateway.RemoveAzureVirtualNetworkGateway","1","6050","Help missing for cmdlet Remove-AzureVirtualNetworkGateway implemented by class Microsoft.WindowsAzure.Commands.ServiceManagement.Network.Gateway.RemoveAzureVirtualNetworkGateway","Add Help record for cmdlet Remove-AzureVirtualNetworkGateway to help file."
"Microsoft.WindowsAzure.Commands.ServiceManagement.Network.dll","Microsoft.WindowsAzure.Commands.ServiceManagement.Network.dll-help.xml","Microsoft.WindowsAzure.Commands.ServiceManagement.Network.Gateway.RemoveAzureVirtualNetworkGatewayConnection","1","6050","Help missing for cmdlet Remove-AzureVirtualNetworkGatewayConnection implemented by class Microsoft.WindowsAzure.Commands.ServiceManagement.Network.Gateway.RemoveAzureVirtualNetworkGatewayConnection","Add Help record for cmdlet Remove-AzureVirtualNetworkGatewayConnection to help file."
"Microsoft.WindowsAzure.Commands.ServiceManagement.Network.dll","Microsoft.WindowsAzure.Commands.ServiceManagement.Network.dll-help.xml","Microsoft.WindowsAzure.Commands.ServiceManagement.Network.Gateway.ResetAzureVirtualNetworkGateway","1","6050","Help missing for cmdlet Reset-AzureVirtualNetworkGateway implemented by class Microsoft.WindowsAzure.Commands.ServiceManagement.Network.Gateway.ResetAzureVirtualNetworkGateway","Add Help record for cmdlet Reset-AzureVirtualNetworkGateway to help file."
"Microsoft.WindowsAzure.Commands.ServiceManagement.Network.dll","Microsoft.WindowsAzure.Commands.ServiceManagement.Network.dll-help.xml","Microsoft.WindowsAzure.Commands.ServiceManagement.Network.Gateway.ResizeAzureVirtualNetworkGateway","1","6050","Help missing for cmdlet Resize-AzureVirtualNetworkGateway implemented by class Microsoft.WindowsAzure.Commands.ServiceManagement.Network.Gateway.ResizeAzureVirtualNetworkGateway","Add Help record for cmdlet Resize-AzureVirtualNetworkGateway to help file."
"Microsoft.WindowsAzure.Commands.ServiceManagement.Network.dll","Microsoft.WindowsAzure.Commands.ServiceManagement.Network.dll-help.xml","Microsoft.WindowsAzure.Commands.ServiceManagement.Network.Gateway.ResetAzureLocalNetworkGateway","1","6050","Help missing for cmdlet Reset-AzureLocalNetworkGateway implemented by class Microsoft.WindowsAzure.Commands.ServiceManagement.Network.Gateway.ResetAzureLocalNetworkGateway","Add Help record for cmdlet Reset-AzureLocalNetworkGateway to help file."
"Microsoft.WindowsAzure.Commands.ServiceManagement.Network.dll","Microsoft.WindowsAzure.Commands.ServiceManagement.Network.dll-help.xml","Microsoft.WindowsAzure.Commands.ServiceManagement.Network.Gateway.ResetAzureVirtualNetworkGatewayConnection","1","6050","Help missing for cmdlet Reset-AzureVirtualNetworkGatewayConnection implemented by class Microsoft.WindowsAzure.Commands.ServiceManagement.Network.Gateway.ResetAzureVirtualNetworkGatewayConnection","Add Help record for cmdlet Reset-AzureVirtualNetworkGatewayConnection to help file."
"Microsoft.WindowsAzure.Commands.ServiceManagement.Network.dll","Microsoft.WindowsAzure.Commands.ServiceManagement.Network.dll-help.xml","Microsoft.WindowsAzure.Commands.ServiceManagement.IaaS.GetAzureNetworkSecurityGroupConfigCommand","1","6050","Help missing for cmdlet Get-AzureNetworkSecurityGroupConfig implemented by class Microsoft.WindowsAzure.Commands.ServiceManagement.IaaS.GetAzureNetworkSecurityGroupConfigCommand","Add Help record for cmdlet Get-AzureNetworkSecurityGroupConfig to help file."
"Microsoft.WindowsAzure.Commands.RemoteApp.dll","Microsoft.WindowsAzure.Commands.RemoteApp.dll-help.xml","Microsoft.WindowsAzure.Management.RemoteApp.Cmdlets.ClearAzureRemoteAppVmStaleAdObject","1","6050","Help missing for cmdlet Clear-AzureRemoteAppVmStaleAdObject implemented by class Microsoft.WindowsAzure.Management.RemoteApp.Cmdlets.ClearAzureRemoteAppVmStaleAdObject","Add Help record for cmdlet Clear-AzureRemoteAppVmStaleAdObject to help file."
"Microsoft.WindowsAzure.Commands.RemoteApp.dll","Microsoft.WindowsAzure.Commands.RemoteApp.dll-help.xml","Microsoft.WindowsAzure.Management.RemoteApp.Cmdlets.GetAzureRemoteAppVm","1","6050","Help missing for cmdlet Get-AzureRemoteAppVM implemented by class Microsoft.WindowsAzure.Management.RemoteApp.Cmdlets.GetAzureRemoteAppVm","Add Help record for cmdlet Get-AzureRemoteAppVM to help file."
"Microsoft.WindowsAzure.Commands.RemoteApp.dll","Microsoft.WindowsAzure.Commands.RemoteApp.dll-help.xml","Microsoft.WindowsAzure.Management.RemoteApp.Cmdlets.GetAzureRemoteAppVmStaleAdObject","1","6050","Help missing for cmdlet Get-AzureRemoteAppVmStaleAdObject implemented by class Microsoft.WindowsAzure.Management.RemoteApp.Cmdlets.GetAzureRemoteAppVmStaleAdObject","Add Help record for cmdlet Get-AzureRemoteAppVmStaleAdObject to help file."
"Microsoft.WindowsAzure.Commands.RemoteApp.dll","Microsoft.WindowsAzure.Commands.RemoteApp.dll-help.xml","Microsoft.WindowsAzure.Management.RemoteApp.Cmdlets.RestartAzureRemoteAppVm","1","6050","Help missing for cmdlet Restart-AzureRemoteAppVM implemented by class Microsoft.WindowsAzure.Management.RemoteApp.Cmdlets.RestartAzureRemoteAppVm","Add Help record for cmdlet Restart-AzureRemoteAppVM to help file."
"Microsoft.WindowsAzure.Commands.Profile.dll","Microsoft.WindowsAzure.Commands.Profile.dll-Help.xml","Microsoft.WindowsAzure.Commands.Profile.EnableAzureDataCollectionCommand","1","6050","Help missing for cmdlet Enable-AzureDataCollection implemented by class Microsoft.WindowsAzure.Commands.Profile.EnableAzureDataCollectionCommand","Add Help record for cmdlet Enable-AzureDataCollection to help file."
"Microsoft.WindowsAzure.Commands.Profile.dll","Microsoft.WindowsAzure.Commands.Profile.dll-Help.xml","Microsoft.WindowsAzure.Commands.Profile.DisableAzureDataCollectionCommand","1","6050","Help missing for cmdlet Disable-AzureDataCollection implemented by class Microsoft.WindowsAzure.Commands.Profile.DisableAzureDataCollectionCommand","Add Help record for cmdlet Disable-AzureDataCollection to help file."
"Microsoft.WindowsAzure.Commands.SqlDatabase.dll","Microsoft.WindowsAzure.Commands.SqlDatabase.dll-Help.xml","Microsoft.WindowsAzure.Commands.SqlDatabase.Database.Cmdlet.GetAzureSqlDatabaseUsages","1","6050","Help missing for cmdlet Get-AzureSqlDatabaseUsages implemented by class Microsoft.WindowsAzure.Commands.SqlDatabase.Database.Cmdlet.GetAzureSqlDatabaseUsages","Add Help record for cmdlet Get-AzureSqlDatabaseUsages to help file."
"Microsoft.Azure.Commands.Websites.dll","Microsoft.Azure.Commands.Websites.dll-Help.xml","Microsoft.Azure.Commands.WebApps.Cmdlets.WebApps.GetAzureAppServicePlanMetricsCmdlet","1","6050","Help missing for cmdlet Get-AzureRmAppServicePlanMetrics implemented by class Microsoft.Azure.Commands.WebApps.Cmdlets.WebApps.GetAzureAppServicePlanMetricsCmdlet","Add Help record for cmdlet Get-AzureRmAppServicePlanMetrics to help file."
"Microsoft.Azure.Commands.Websites.dll","Microsoft.Azure.Commands.Websites.dll-Help.xml","Microsoft.Azure.Commands.WebApps.Cmdlets.BackupRestore.NewAzureRmWebAppDatabaseBackupSetting","1","6050","Help missing for cmdlet New-AzureRmWebAppDatabaseBackupSetting implemented by class Microsoft.Azure.Commands.WebApps.Cmdlets.BackupRestore.NewAzureRmWebAppDatabaseBackupSetting","Add Help record for cmdlet New-AzureRmWebAppDatabaseBackupSetting to help file."
"Microsoft.Azure.Commands.Websites.dll","Microsoft.Azure.Commands.Websites.dll-Help.xml","Microsoft.Azure.Commands.WebApps.Cmdlets.BackupRestore.RestoreAzureWebAppBackup","1","6050","Help missing for cmdlet Restore-AzureRmWebAppBackup implemented by class Microsoft.Azure.Commands.WebApps.Cmdlets.BackupRestore.RestoreAzureWebAppBackup","Add Help record for cmdlet Restore-AzureRmWebAppBackup to help file."
"Microsoft.Azure.Commands.Websites.dll","Microsoft.Azure.Commands.Websites.dll-Help.xml","Microsoft.Azure.Commands.WebApps.Cmdlets.WebApps.GetAzureWebAppCertificate","1","6050","Help missing for cmdlet Get-AzureRmWebAppCertificate implemented by class Microsoft.Azure.Commands.WebApps.Cmdlets.WebApps.GetAzureWebAppCertificate","Add Help record for cmdlet Get-AzureRmWebAppCertificate to help file."
"Microsoft.Azure.Commands.Websites.dll","Microsoft.Azure.Commands.Websites.dll-Help.xml","Microsoft.Azure.Commands.WebApps.Cmdlets.WebApps.GetAzureWebAppSSLBinding","1","6050","Help missing for cmdlet Get-AzureRmWebAppSSLBinding implemented by class Microsoft.Azure.Commands.WebApps.Cmdlets.WebApps.GetAzureWebAppSSLBinding","Add Help record for cmdlet Get-AzureRmWebAppSSLBinding to help file."
"Microsoft.Azure.Commands.Websites.dll","Microsoft.Azure.Commands.Websites.dll-Help.xml","Microsoft.Azure.Commands.WebApps.Cmdlets.WebApps.NewAzureWebAppSSLBinding","1","6050","Help missing for cmdlet New-AzureRmWebAppSSLBinding implemented by class Microsoft.Azure.Commands.WebApps.Cmdlets.WebApps.NewAzureWebAppSSLBinding","Add Help record for cmdlet New-AzureRmWebAppSSLBinding to help file."
"Microsoft.Azure.Commands.Websites.dll","Microsoft.Azure.Commands.Websites.dll-Help.xml","Microsoft.Azure.Commands.WebApps.Cmdlets.WebApps.RemoveAzureWebAppSSLBinding","1","6050","Help missing for cmdlet Remove-AzureRmWebAppSSLBinding implemented by class Microsoft.Azure.Commands.WebApps.Cmdlets.WebApps.RemoveAzureWebAppSSLBinding","Add Help record for cmdlet Remove-AzureRmWebAppSSLBinding to help file."
"Microsoft.Azure.Commands.Websites.dll","Microsoft.Azure.Commands.Websites.dll-Help.xml","Microsoft.Azure.Commands.WebApps.Cmdlets.DeploymentSlots.GetAzureWebAppSlotCmdlet","1","6050","Help missing for cmdlet Get-AzureRmWebAppSlot implemented by class Microsoft.Azure.Commands.WebApps.Cmdlets.DeploymentSlots.GetAzureWebAppSlotCmdlet","Add Help record for cmdlet Get-AzureRmWebAppSlot to help file."
"Microsoft.Azure.Commands.Websites.dll","Microsoft.Azure.Commands.Websites.dll-Help.xml","Microsoft.Azure.Commands.WebApps.Cmdlets.DeploymentSlots.GetAzureWebAppSlotMetricsCmdlet","1","6050","Help missing for cmdlet Get-AzureRmWebAppSlotMetrics implemented by class Microsoft.Azure.Commands.WebApps.Cmdlets.DeploymentSlots.GetAzureWebAppSlotMetricsCmdlet","Add Help record for cmdlet Get-AzureRmWebAppSlotMetrics to help file."
"Microsoft.Azure.Commands.Websites.dll","Microsoft.Azure.Commands.Websites.dll-Help.xml","Microsoft.Azure.Commands.WebApps.Cmdlets.DeploymentSlots.GetAzureWebAppSlotPublishingProfileCmdlet","1","6050","Help missing for cmdlet Get-AzureRmWebAppSlotPublishingProfile implemented by class Microsoft.Azure.Commands.WebApps.Cmdlets.DeploymentSlots.GetAzureWebAppSlotPublishingProfileCmdlet","Add Help record for cmdlet Get-AzureRmWebAppSlotPublishingProfile to help file."
"Microsoft.Azure.Commands.Websites.dll","Microsoft.Azure.Commands.Websites.dll-Help.xml","Microsoft.Azure.Commands.WebApps.Cmdlets.DeploymentSlots.NewAzureWebAppSlotCmdlet","1","6050","Help missing for cmdlet New-AzureRmWebAppSlot implemented by class Microsoft.Azure.Commands.WebApps.Cmdlets.DeploymentSlots.NewAzureWebAppSlotCmdlet","Add Help record for cmdlet New-AzureRmWebAppSlot to help file."
"Microsoft.Azure.Commands.Websites.dll","Microsoft.Azure.Commands.Websites.dll-Help.xml","Microsoft.Azure.Commands.WebApps.Cmdlets.DeploymentSlots.RemoveAzureWebAppSlotCmdlet","1","6050","Help missing for cmdlet Remove-AzureRmWebAppSlot implemented by class Microsoft.Azure.Commands.WebApps.Cmdlets.DeploymentSlots.RemoveAzureWebAppSlotCmdlet","Add Help record for cmdlet Remove-AzureRmWebAppSlot to help file."
"Microsoft.Azure.Commands.Websites.dll","Microsoft.Azure.Commands.Websites.dll-Help.xml","Microsoft.Azure.Commands.WebApps.Cmdlets.DeploymentSlots.ResetAzureWebAppPSlotublishingProfileCmdlet","1","6050","Help missing for cmdlet Reset-AzureRmWebAppSlotPublishingProfile implemented by class Microsoft.Azure.Commands.WebApps.Cmdlets.DeploymentSlots.ResetAzureWebAppPSlotublishingProfileCmdlet","Add Help record for cmdlet Reset-AzureRmWebAppSlotPublishingProfile to help file."
"Microsoft.Azure.Commands.Websites.dll","Microsoft.Azure.Commands.Websites.dll-Help.xml","Microsoft.Azure.Commands.WebApps.Cmdlets.DeploymentSlots.RestartAzureWebAppSlotCmdlet","1","6050","Help missing for cmdlet Restart-AzureRmWebAppSlot implemented by class Microsoft.Azure.Commands.WebApps.Cmdlets.DeploymentSlots.RestartAzureWebAppSlotCmdlet","Add Help record for cmdlet Restart-AzureRmWebAppSlot to help file."
"Microsoft.Azure.Commands.Websites.dll","Microsoft.Azure.Commands.Websites.dll-Help.xml","Microsoft.Azure.Commands.WebApps.Cmdlets.DeploymentSlots.SetAzureWebAppSlotCmdlet","1","6050","Help missing for cmdlet Set-AzureRmWebAppSlot implemented by class Microsoft.Azure.Commands.WebApps.Cmdlets.DeploymentSlots.SetAzureWebAppSlotCmdlet","Add Help record for cmdlet Set-AzureRmWebAppSlot to help file."
"Microsoft.Azure.Commands.Websites.dll","Microsoft.Azure.Commands.Websites.dll-Help.xml","Microsoft.Azure.Commands.WebApps.Cmdlets.DeploymentSlots.StartAzureWebAppSlotCmdlet","1","6050","Help missing for cmdlet Start-AzureRmWebAppSlot implemented by class Microsoft.Azure.Commands.WebApps.Cmdlets.DeploymentSlots.StartAzureWebAppSlotCmdlet","Add Help record for cmdlet Start-AzureRmWebAppSlot to help file."
"Microsoft.Azure.Commands.Websites.dll","Microsoft.Azure.Commands.Websites.dll-Help.xml","Microsoft.Azure.Commands.WebApps.Cmdlets.DeploymentSlots.StopAzureWebAppSlotCmdlet","1","6050","Help missing for cmdlet Stop-AzureRmWebAppSlot implemented by class Microsoft.Azure.Commands.WebApps.Cmdlets.DeploymentSlots.StopAzureWebAppSlotCmdlet","Add Help record for cmdlet Stop-AzureRmWebAppSlot to help file."
"Microsoft.Azure.Commands.Websites.dll","Microsoft.Azure.Commands.Websites.dll-Help.xml","Microsoft.Azure.Commands.WebApps.Cmdlets.WebApps.EditAzureWebAppBackupConfiguration","1","6050","Help missing for cmdlet Edit-AzureRmWebAppBackupConfiguration implemented by class Microsoft.Azure.Commands.WebApps.Cmdlets.WebApps.EditAzureWebAppBackupConfiguration","Add Help record for cmdlet Edit-AzureRmWebAppBackupConfiguration to help file."
"Microsoft.Azure.Commands.Websites.dll","Microsoft.Azure.Commands.Websites.dll-Help.xml","Microsoft.Azure.Commands.WebApps.Cmdlets.WebApps.GetAzureWebAppBackupCmdlet","1","6050","Help missing for cmdlet Get-AzureRmWebAppBackup implemented by class Microsoft.Azure.Commands.WebApps.Cmdlets.WebApps.GetAzureWebAppBackupCmdlet","Add Help record for cmdlet Get-AzureRmWebAppBackup to help file."
"Microsoft.Azure.Commands.Websites.dll","Microsoft.Azure.Commands.Websites.dll-Help.xml","Microsoft.Azure.Commands.WebApps.Cmdlets.WebApps.GetAzureWebAppBackupConfiguration","1","6050","Help missing for cmdlet Get-AzureRmWebAppBackupConfiguration implemented by class Microsoft.Azure.Commands.WebApps.Cmdlets.WebApps.GetAzureWebAppBackupConfiguration","Add Help record for cmdlet Get-AzureRmWebAppBackupConfiguration to help file."
"Microsoft.Azure.Commands.Websites.dll","Microsoft.Azure.Commands.Websites.dll-Help.xml","Microsoft.Azure.Commands.WebApps.Cmdlets.WebApps.GetAzureWebAppBackupList","1","6050","Help missing for cmdlet Get-AzureRmWebAppBackupList implemented by class Microsoft.Azure.Commands.WebApps.Cmdlets.WebApps.GetAzureWebAppBackupList","Add Help record for cmdlet Get-AzureRmWebAppBackupList to help file."
"Microsoft.Azure.Commands.Websites.dll","Microsoft.Azure.Commands.Websites.dll-Help.xml","Microsoft.Azure.Commands.WebApps.Cmdlets.WebApps.GetAzureWebAppMetricsCmdlet","1","6050","Help missing for cmdlet Get-AzureRmWebAppMetrics implemented by class Microsoft.Azure.Commands.WebApps.Cmdlets.WebApps.GetAzureWebAppMetricsCmdlet","Add Help record for cmdlet Get-AzureRmWebAppMetrics to help file."
"Microsoft.Azure.Commands.Websites.dll","Microsoft.Azure.Commands.Websites.dll-Help.xml","Microsoft.Azure.Commands.WebApps.Cmdlets.WebApps.GetAzureWebAppPublishingProfileCmdlet","1","6050","Help missing for cmdlet Get-AzureRmWebAppPublishingProfile implemented by class Microsoft.Azure.Commands.WebApps.Cmdlets.WebApps.GetAzureWebAppPublishingProfileCmdlet","Add Help record for cmdlet Get-AzureRmWebAppPublishingProfile to help file."
"Microsoft.Azure.Commands.Websites.dll","Microsoft.Azure.Commands.Websites.dll-Help.xml","Microsoft.Azure.Commands.WebApps.Cmdlets.WebApps.NewAzureWebAppBackup","1","6050","Help missing for cmdlet New-AzureRmWebAppBackup implemented by class Microsoft.Azure.Commands.WebApps.Cmdlets.WebApps.NewAzureWebAppBackup","Add Help record for cmdlet New-AzureRmWebAppBackup to help file."
"Microsoft.Azure.Commands.Websites.dll","Microsoft.Azure.Commands.Websites.dll-Help.xml","Microsoft.Azure.Commands.WebApps.Cmdlets.WebApps.RemoveAzureWebAppBackup","1","6050","Help missing for cmdlet Remove-AzureRmWebAppBackup implemented by class Microsoft.Azure.Commands.WebApps.Cmdlets.WebApps.RemoveAzureWebAppBackup","Add Help record for cmdlet Remove-AzureRmWebAppBackup to help file."
"Microsoft.Azure.Commands.Websites.dll","Microsoft.Azure.Commands.Websites.dll-Help.xml","Microsoft.Azure.Commands.WebApps.Cmdlets.WebApps.ResetAzureWebAppPublishingProfileCmdlet","1","6050","Help missing for cmdlet Reset-AzureRmWebAppPublishingProfile implemented by class Microsoft.Azure.Commands.WebApps.Cmdlets.WebApps.ResetAzureWebAppPublishingProfileCmdlet","Add Help record for cmdlet Reset-AzureRmWebAppPublishingProfile to help file."
"Microsoft.Azure.Commands.Websites.dll","Microsoft.Azure.Commands.Websites.dll-Help.xml","Microsoft.Azure.Commands.WebApps.Cmdlets.WebApps.SetAzureWebAppCmdlet","1","6050","Help missing for cmdlet Set-AzureRmWebApp implemented by class Microsoft.Azure.Commands.WebApps.Cmdlets.WebApps.SetAzureWebAppCmdlet","Add Help record for cmdlet Set-AzureRmWebApp to help file."
"Microsoft.Azure.Commands.RecoveryServicesRdfe.dll","Microsoft.Azure.Commands.RecoveryServicesRdfe.dll-help.xml","Microsoft.Azure.Commands.RecoveryServices.NewAzureSiteRecoverySite","1","6050","Help missing for cmdlet New-AzureSiteRecoverySite implemented by class Microsoft.Azure.Commands.RecoveryServices.NewAzureSiteRecoverySite","Add Help record for cmdlet New-AzureSiteRecoverySite to help file."
