Module,Target,Description
AzureRM.ApiManagement,Get-AzureRmApiManagementIdentityProvider.md,No examples found
AzureRM.ApiManagement,Get-AzureRmApiManagementProperty.md,No synopsis found
AzureRM.ApiManagement,Get-AzureRmApiManagementProperty.md,No description found
AzureRM.ApiManagement,New-AzureRmApiManagementIdentityProvider.md,No examples found
AzureRM.ApiManagement,Remove-AzureRmApiManagementAuthorizationServer.md,No examples found
AzureRM.ApiManagement,Remove-AzureRmApiManagementIdentityProvider.md,No examples found
AzureRM.ApiManagement,Set-AzureRmApiManagementIdentityProvider.md,No examples found
AzureRM.ApiManagement,Update-AzureRmApiManagementRegion.md,No examples found
AzureRM.Automation,Remove-AzureRmAutomationDscConfiguration.md,No examples found
AzureRM.Automation,Remove-AzureRmAutomationDscNodeConfiguration.md,No examples found
AzureRM.Backup,Disable-AzureRmBackupProtection.md,No examples found
AzureRM.Backup,Enable-AzureRmBackupContainerReregistration.md,No examples found
AzureRM.Backup,Get-AzureRmBackupVaultCredentials.md,No examples found
AzureRM.Backup,Set-AzureRmBackupProtectionPolicy.md,No examples found
AzureRM.Backup,Wait-AzureRmBackupJob.md,No examples found
AzureRM.Batch,Get-AzureRmBatchAccountKeys.md,No examples found
AzureRM.Batch,Remove-AzureBatchJobSchedule.md,No examples found
AzureRM.Batch,Set-AzureBatchJobSchedule.md,No examples found
AzureRM.Cdn,Get-AzureRmCdnCustomDomain.md,No examples found
AzureRM.Cdn,Get-AzureRmCdnEdgeNodes.md,No examples found
AzureRM.Cdn,Get-AzureRmCdnEndpoint.md,No examples found
AzureRM.Cdn,Get-AzureRmCdnEndpointNameAvailability.md,No examples found
AzureRM.Cdn,Get-AzureRmCdnEndpointResourceUsage.md,No examples found
AzureRM.Cdn,Get-AzureRmCdnOrigin.md,No examples found
AzureRM.Cdn,Get-AzureRMCdnProfile.md,No examples found
AzureRM.Cdn,Get-AzureRmCdnProfileResourceUsage.md,No examples found
AzureRM.Cdn,Get-AzureRmCdnProfileSsoUrl.md,No examples found
AzureRM.Cdn,Get-AzureRmCdnSubscriptionResourceUsage.md,No examples found
AzureRM.Cdn,New-AzureRmCdnCustomDomain.md,No examples found
AzureRM.Cdn,New-AzureRmCdnEndpoint.md,No examples found
AzureRM.Cdn,New-AzureRmCdnProfile.md,No examples found
AzureRM.Cdn,Publish-AzureRmCdnEndpointContent.md,No examples found
AzureRM.Cdn,Remove-AzureRmCdnCustomDomain.md,No examples found
AzureRM.Cdn,Remove-AzureRmCdnEndpoint.md,No examples found
AzureRM.Cdn,Remove-AzureRmCdnProfile.md,No examples found
AzureRM.Cdn,Set-AzureRmCdnEndpoint.md,No examples found
AzureRM.Cdn,Set-AzureRmCdnOrigin.md,No examples found
AzureRM.Cdn,Set-AzureRmCdnProfile.md,No examples found
AzureRM.Cdn,Start-AzureRmCdnEndpoint.md,No examples found
AzureRM.Cdn,Stop-AzureRmCdnEndpoint.md,No examples found
AzureRM.Cdn,Test-AzureRmCdnCustomDomain.md,No examples found
AzureRM.Cdn,Unpublish-AzureRmCdnEndpointContent.md,No examples found
AzureRM.CognitiveServices,Get-AzureRmCognitiveServicesAccount.md,No examples found
AzureRM.CognitiveServices,Get-AzureRmCognitiveServicesAccountKey.md,No examples found
AzureRM.CognitiveServices,Get-AzureRmCognitiveServicesAccountSkus.md,No examples found
AzureRM.CognitiveServices,New-AzureRmCognitiveServicesAccount.md,No examples found
AzureRM.CognitiveServices,New-AzureRmCognitiveServicesAccountKey.md,No examples found
AzureRM.CognitiveServices,Remove-AzureRmCognitiveServicesAccount.md,No examples found
AzureRM.CognitiveServices,Set-AzureRmCognitiveServicesAccount.md,No examples found
AzureRM.Compute,Get-AzureRmVMADDomainExtension.md,No examples found
AzureRM.Compute,Get-AzureRmVMDscExtensionStatus.md,No examples found
AzureRM.Compute,New-AzureVMSqlServerKeyVaultCredentialConfig.md,No description found
AzureRM.Compute,New-AzureVMSqlServerKeyVaultCredentialConfig.md,No examples found
AzureRM.Compute,Remove-AzureRmVMAccessExtension.md,No examples found
AzureRM.Compute,Remove-AzureRmVMBackup.md,No description found
AzureRM.Compute,Remove-AzureRmVMCustomScriptExtension.md,No examples found
AzureRM.Compute,Remove-AzureRmVMNetworkInterface.md,No examples found
AzureRM.Compute,Remove-AzureRmVmssExtension.md,No examples found
AzureRM.Compute,Set-AzureRmVMADDomainExtension.md,No examples found
AzureRM.Compute,Set-AzureRmVMBackupExtension.md,No description found
AzureRM.Compute,Set-AzureRmVMPlan.md,No examples found
AzureRM.Compute,Set-AzureRmVmssVM.md,No examples found
AzureRM.DevTestLabs,Get-AzureRmDtlAllowedVMSizesPolicy.md,No examples found
AzureRM.DevTestLabs,Get-AzureRmDtlAutoShutdownPolicy.md,No examples found
AzureRM.DevTestLabs,Get-AzureRmDtlAutoStartPolicy.md,No examples found
AzureRM.DevTestLabs,Get-AzureRmDtlVMsPerLabPolicy.md,No examples found
AzureRM.DevTestLabs,Get-AzureRmDtlVMsPerUserPolicy.md,No examples found
AzureRM.DevTestLabs,Set-AzureRmDtlAllowedVMSizesPolicy.md,No examples found
AzureRM.DevTestLabs,Set-AzureRmDtlAutoShutdownPolicy.md,No examples found
AzureRM.DevTestLabs,Set-AzureRmDtlAutoStartPolicy.md,No examples found
AzureRM.DevTestLabs,Set-AzureRmDtlVMsPerLabPolicy.md,No examples found
AzureRM.DevTestLabs,Set-AzureRmDtlVMsPerUserPolicy.md,No examples found
AzureRM.HDInsight,Add-AzureRmHDInsightSecurityProfile.md,No examples found
AzureRM.Insights,Add-AzureRmLogProfile.md,No examples found
AzureRM.Insights,Get-AzureRmLogProfile.md,No examples found
AzureRM.Insights,New-AzureRmAutoscaleWebhook.md,No examples found
AzureRM.Insights,Remove-AzureRmAutoscaleSetting.md,No examples found
AzureRM.Insights,Remove-AzureRmLogProfile.md,No examples found
AzureRM.Network,Add-AzureRmApplicationGatewayAuthenticationCertificate.md,No examples found
AzureRM.Network,Add-AzureRmApplicationGatewayUrlPathMapConfig.md,No examples found
AzureRM.Network,Add-AzureRmExpressRouteCircuitAuthorization.md,No examples found
AzureRM.Network,Add-AzureRmExpressRouteCircuitPeeringConfig.md,No examples found
AzureRM.Network,Add-AzureRmLoadBalancerInboundNatPoolConfig.md,No synopsis found
AzureRM.Network,Add-AzureRmLoadBalancerInboundNatPoolConfig.md,No description found
AzureRM.Network,Add-AzureRmNetworkInterfaceIpConfig.md,No examples found
AzureRM.Network,Add-AzureRmRouteFilterRuleConfig.md,No description found for parameter InformationAction
AzureRM.Network,Add-AzureRmRouteFilterRuleConfig.md,No description found for parameter InformationVariable
AzureRM.Network,Add-AzureRmVirtualNetworkGatewayIpConfig.md,No examples found
AzureRM.Network,Get-AzureRmApplicationGatewayAuthenticationCertificate.md,No examples found
AzureRM.Network,Get-AzureRmApplicationGatewayBackendAddressPool.md,No description found
AzureRM.Network,Get-AzureRmApplicationGatewaySslPolicy.md,No examples found
AzureRM.Network,Get-AzureRmBgpServiceCommunity.md,No synopsis found
AzureRM.Network,Get-AzureRmBgpServiceCommunity.md,No description found
AzureRM.Network,Get-AzureRmBgpServiceCommunity.md,No examples found
AzureRM.Network,Get-AzureRmBgpServiceCommunity.md,No description found for parameter InformationAction
AzureRM.Network,Get-AzureRmBgpServiceCommunity.md,No description found for parameter InformationVariable
AzureRM.Network,Get-AzureRmExpressRouteCircuit.md,No examples found
AzureRM.Network,Get-AzureRmExpressRouteCircuitARPTable.md,No examples found
AzureRM.Network,Get-AzureRmExpressRouteCircuitAuthorization.md,No examples found
AzureRM.Network,Get-AzureRmExpressRouteCircuitPeeringConfig.md,No examples found
AzureRM.Network,Get-AzureRmExpressRouteCircuitRouteTable.md,No examples found
AzureRM.Network,Get-AzureRmExpressRouteCircuitRouteTableSummary.md,No examples found
AzureRM.Network,Get-AzureRmExpressRouteCircuitStats.md,No examples found
AzureRM.Network,Get-AzureRmExpressRouteServiceProvider.md,No examples found
AzureRM.Network,Get-AzureRmLoadBalancerInboundNatPoolConfig.md,No synopsis found
AzureRM.Network,Get-AzureRmLoadBalancerInboundNatPoolConfig.md,No description found
AzureRM.Network,Get-AzureRmLocalNetworkGateway.md,No synopsis found
AzureRM.Network,Get-AzureRmLocalNetworkGateway.md,No description found
AzureRM.Network,Get-AzureRmLocalNetworkGateway.md,No examples found
AzureRM.Network,Get-AzureRmRouteFilter.md,No examples found
AzureRM.Network,Get-AzureRmRouteFilterRuleConfig.md,No examples found
AzureRM.Network,Get-AzureRmVirtualNetworkGateway.md,No synopsis found
AzureRM.Network,Get-AzureRmVirtualNetworkGateway.md,No description found
AzureRM.Network,Get-AzureRmVirtualNetworkGateway.md,No examples found
AzureRM.Network,Get-AzureRmVirtualNetworkGatewayConnection.md,No synopsis found
AzureRM.Network,Get-AzureRmVirtualNetworkGatewayConnection.md,No description found
AzureRM.Network,Get-AzureRmVirtualNetworkGatewayConnection.md,No examples found
AzureRM.Network,Get-AzureRmVirtualNetworkGatewayConnectionSharedKey.md,No synopsis found
AzureRM.Network,Get-AzureRmVirtualNetworkGatewayConnectionSharedKey.md,No description found
AzureRM.Network,Get-AzureRmVirtualNetworkGatewayConnectionSharedKey.md,No examples found
AzureRM.Network,Move-AzureRmExpressRouteCircuit.md,No examples found
AzureRM.Network,New-AzureRmApplicationGatewayAuthenticationCertificate.md,No examples found
AzureRM.Network,New-AzureRmApplicationGatewaySslPolicy.md,No examples found
AzureRM.Network,New-AzureRmExpressRouteCircuit.md,No examples found
AzureRM.Network,New-AzureRmExpressRouteCircuitAuthorization.md,No examples found
AzureRM.Network,New-AzureRmExpressRouteCircuitPeeringConfig.md,No examples found
AzureRM.Network,New-AzureRmLoadBalancerInboundNatPoolConfig.md,No synopsis found
AzureRM.Network,New-AzureRmLoadBalancerInboundNatPoolConfig.md,No description found
AzureRM.Network,New-AzureRmLoadBalancerInboundNatPoolConfig.md,No examples found
AzureRM.Network,New-AzureRmLocalNetworkGateway.md,No synopsis found
AzureRM.Network,New-AzureRmLocalNetworkGateway.md,No description found
AzureRM.Network,New-AzureRmLocalNetworkGateway.md,No examples found
AzureRM.Network,New-AzureRmRouteFilter.md,No examples found
AzureRM.Network,New-AzureRmRouteFilter.md,No description found for parameter InformationAction
AzureRM.Network,New-AzureRmRouteFilter.md,No description found for parameter InformationVariable
AzureRM.Network,New-AzureRmRouteFilter.md,No description found for parameter WhatIf
AzureRM.Network,New-AzureRmRouteFilter.md,No description found for parameter Confirm
AzureRM.Network,New-AzureRmRouteFilterRuleConfig.md,No examples found
AzureRM.Network,New-AzureRmRouteFilterRuleConfig.md,No description found for parameter InformationAction
AzureRM.Network,New-AzureRmRouteFilterRuleConfig.md,No description found for parameter InformationVariable
AzureRM.Network,New-AzureRmVirtualNetworkGateway.md,No synopsis found
AzureRM.Network,New-AzureRmVirtualNetworkGateway.md,No description found
AzureRM.Network,New-AzureRmVirtualNetworkGateway.md,No examples found
AzureRM.Network,New-AzureRmVirtualNetworkGatewayConnection.md,No synopsis found
AzureRM.Network,New-AzureRmVirtualNetworkGatewayConnection.md,No description found
AzureRM.Network,New-AzureRmVirtualNetworkGatewayConnection.md,No examples found
AzureRM.Network,New-AzureRmVirtualNetworkGatewayIpConfig.md,No synopsis found
AzureRM.Network,New-AzureRmVirtualNetworkGatewayIpConfig.md,No description found
AzureRM.Network,New-AzureRmVirtualNetworkGatewayIpConfig.md,No examples found
AzureRM.Network,Remove-AzureRmApplicationGatewayAuthenticationCertificate.md,No examples found
AzureRM.Network,Remove-AzureRmApplicationGatewayUrlPathMapConfig.md,No examples found
AzureRM.Network,Remove-AzureRmExpressRouteCircuit.md,No examples found
AzureRM.Network,Remove-AzureRmExpressRouteCircuitAuthorization.md,No examples found
AzureRM.Network,Remove-AzureRmExpressRouteCircuitPeeringConfig.md,No examples found
AzureRM.Network,Remove-AzureRmLoadBalancerInboundNatPoolConfig.md,No synopsis found
AzureRM.Network,Remove-AzureRmLoadBalancerInboundNatPoolConfig.md,No description found
AzureRM.Network,Remove-AzureRmLoadBalancerInboundNatRuleConfig.md,No examples found
AzureRM.Network,Remove-AzureRmLocalNetworkGateway.md,No examples found
AzureRM.Network,Remove-AzureRmNetworkInterfaceIpConfig.md,No examples found
AzureRM.Network,Remove-AzureRmRouteFilter.md,No examples found
AzureRM.Network,Remove-AzureRmRouteFilterRuleConfig.md,No examples found
AzureRM.Network,Remove-AzureRmVirtualNetworkGateway.md,No examples found
AzureRM.Network,Remove-AzureRmVirtualNetworkGatewayConnection.md,No examples found
AzureRM.Network,Remove-AzureRmVirtualNetworkGatewayIpConfig.md,No synopsis found
AzureRM.Network,Remove-AzureRmVirtualNetworkGatewayIpConfig.md,No description found
AzureRM.Network,Remove-AzureRmVirtualNetworkPeering.md,No synopsis found
AzureRM.Network,Remove-AzureRmVirtualNetworkPeering.md,No description found
AzureRM.Network,Reset-AzureRmVirtualNetworkGateway.md,No synopsis found
AzureRM.Network,Reset-AzureRmVirtualNetworkGateway.md,No description found
AzureRM.Network,Reset-AzureRmVirtualNetworkGateway.md,No examples found
AzureRM.Network,Reset-AzureRmVirtualNetworkGatewayConnectionSharedKey.md,No synopsis found
AzureRM.Network,Reset-AzureRmVirtualNetworkGatewayConnectionSharedKey.md,No description found
AzureRM.Network,Reset-AzureRmVirtualNetworkGatewayConnectionSharedKey.md,No examples found
AzureRM.Network,Set-AzureRmApplicationGatewayAuthenticationCertificate.md,No examples found
AzureRM.Network,Set-AzureRmApplicationGatewaySslPolicy.md,No examples found
AzureRM.Network,Set-AzureRmApplicationGatewayUrlPathMapConfig.md,No examples found
AzureRM.Network,Set-AzureRmExpressRouteCircuit.md,No examples found
AzureRM.Network,Set-AzureRmExpressRouteCircuitPeeringConfig.md,No examples found
AzureRM.Network,Set-AzureRmLoadBalancerInboundNatPoolConfig.md,No synopsis found
AzureRM.Network,Set-AzureRmLoadBalancerInboundNatPoolConfig.md,No description found
AzureRM.Network,Set-AzureRmLocalNetworkGateway.md,No examples found
AzureRM.Network,Set-AzureRmNetworkWatcher.md,No examples found
AzureRM.Network,Set-AzureRmRouteFilter.md,No examples found
AzureRM.Network,Set-AzureRmRouteFilterRuleConfig.md,No examples found
AzureRM.Network,Set-AzureRmVirtualNetworkGatewayConnection.md,No examples found
AzureRM.Network,Set-AzureRmVirtualNetworkGatewayConnectionSharedKey.md,No examples found
AzureRM.Network,Test-AzureRmDnsAvailability.md,No synopsis found
AzureRM.Network,Test-AzureRmDnsAvailability.md,No description found
AzureRM.Network,Test-AzureRmDnsAvailability.md,No examples found
AzureRM.NotificationHubs,New-AzureRmNotificationHubKey.md,No examples found
AzureRM.NotificationHubs,New-AzureRmNotificationHubsNamespaceKey.md,No examples found
AzureRM.OperationalInsights,Disable-AzureRmOperationalInsightsIISLogCollection.md,No examples found
AzureRM.OperationalInsights,Disable-AzureRmOperationalInsightsLinuxCustomLogCollection.md,No examples found
AzureRM.OperationalInsights,Disable-AzureRmOperationalInsightsLinuxPerformanceCollection.md,No examples found
AzureRM.OperationalInsights,Disable-AzureRmOperationalInsightsLinuxSyslogCollection.md,No examples found
AzureRM.OperationalInsights,Enable-AzureRmOperationalInsightsIISLogCollection.md,No examples found
AzureRM.OperationalInsights,Enable-AzureRmOperationalInsightsLinuxCustomLogCollection.md,No examples found
AzureRM.OperationalInsights,Enable-AzureRmOperationalInsightsLinuxPerformanceCollection.md,No examples found
AzureRM.OperationalInsights,Enable-AzureRmOperationalInsightsLinuxSyslogCollection.md,No examples found
AzureRM.OperationalInsights,Get-AzureRmOperationalInsightsDataSource.md,No examples found
AzureRM.OperationalInsights,New-AzureRmOperationalInsightsAzureActivityLogDataSource.md,No examples found
AzureRM.OperationalInsights,New-AzureRmOperationalInsightsComputerGroup.md,No examples found
AzureRM.OperationalInsights,New-AzureRmOperationalInsightsCustomLogDataSource.md,No examples found
AzureRM.OperationalInsights,New-AzureRmOperationalInsightsLinuxPerformanceObjectDataSource.md,No examples found
AzureRM.OperationalInsights,New-AzureRmOperationalInsightsLinuxSyslogDataSource.md,No examples found
AzureRM.OperationalInsights,New-AzureRmOperationalInsightsWindowsEventDataSource.md,No examples found
AzureRM.OperationalInsights,New-AzureRmOperationalInsightsWindowsPerformanceCounterDataSource.md,No examples found
AzureRM.OperationalInsights,Remove-AzureRmOperationalInsightsDataSource.md,No examples found
AzureRM.OperationalInsights,Set-AzureRmOperationalInsightsDataSource.md,No examples found
AzureRM.RecoveryServices,Get-AzureRmRecoveryServicesBackupProperties.md,No examples found
AzureRM.RecoveryServices,Get-AzureRmRecoveryServicesVault.md,No examples found
AzureRM.RecoveryServices,New-AzureRmRecoveryServicesVault.md,No examples found
AzureRM.RecoveryServices,Remove-AzureRmRecoveryServicesVault.md,No examples found
AzureRM.RecoveryServices,Set-AzureRmRecoveryServicesVaultContext.md,No examples found
AzureRM.Resources,Get-AzureRmResourceProvider.md,No examples found
AzureRM.Resources,Invoke-AzureRmResourceAction.md,No examples found
AzureRM.Resources,New-AzureRmADUser.md,No examples found
AzureRM.Resources,Register-AzureRmProviderFeature.md,No examples found
AzureRM.Resources,Register-AzureRmResourceProvider.md,No examples found
AzureRM.Resources,Remove-AzureRmADUser.md,No examples found
AzureRM.Resources,Remove-AzureRmResourceGroupDeployment.md,No examples found
AzureRM.Resources,Set-AzureRmADUser.md,No examples found
AzureRM.Resources,Stop-AzureRmResourceGroupDeployment.md,No examples found
AzureRM.Resources,Test-AzureRmResourceGroupDeployment.md,No examples found
AzureRM.Resources,Unregister-AzureRmResourceProvider.md,No examples found
AzureRM.Scheduler,Disable-AzureRmSchedulerJobCollection.md,No examples found
AzureRM.Scheduler,Enable-AzureRmSchedulerJobCollection.md,No examples found
AzureRM.Scheduler,Get-AzureRmSchedulerJob.md,No examples found
AzureRM.Scheduler,Get-AzureRmSchedulerJobCollection.md,No examples found
AzureRM.Scheduler,Get-AzureRmSchedulerJobHistory.md,No examples found
AzureRM.Scheduler,New-AzureRmSchedulerHttpJob.md,No examples found
AzureRM.Scheduler,New-AzureRmSchedulerJobCollection.md,No examples found
AzureRM.Scheduler,New-AzureRmSchedulerServiceBusQueueJob.md,No examples found
AzureRM.Scheduler,New-AzureRmSchedulerServiceBusTopicJob.md,No examples found
AzureRM.Scheduler,New-AzureRmSchedulerStorageQueueJob.md,No examples found
AzureRM.Scheduler,Remove-AzureRmSchedulerJob.md,No examples found
AzureRM.Scheduler,Remove-AzureRmSchedulerJobCollection.md,No examples found
AzureRM.Scheduler,Set-AzureRmSchedulerHttpJob.md,No examples found
AzureRM.Scheduler,Set-AzureRmSchedulerJobCollection.md,No examples found
AzureRM.Scheduler,Set-AzureRmSchedulerServiceBusQueueJob.md,No examples found
AzureRM.Scheduler,Set-AzureRmSchedulerServiceBusTopicJob.md,No examples found
AzureRM.Scheduler,Set-AzureRmSchedulerStorageQueueJob.md,No examples found
AzureRM.ServerManagement,Get-AzureRmServerManagementNode.md,No examples found
AzureRM.ServerManagement,Get-AzureRmServerManagementSession.md,No examples found
AzureRM.ServerManagement,Install-AzureRmServerManagementGatewayProfile.md,No examples found
AzureRM.ServerManagement,Invoke-AzureRmServerManagementPowerShellCommand.md,No examples found
AzureRM.ServerManagement,New-AzureRmServerManagementGateway.md,No examples found
AzureRM.ServerManagement,New-AzureRmServerManagementNode.md,No examples found
AzureRM.ServerManagement,New-AzureRmServerManagementSession.md,No examples found
AzureRM.ServerManagement,Remove-AzureRmServerManagementGateway.md,No examples found
AzureRM.ServerManagement,Remove-AzureRmServerManagementNode.md,No examples found
AzureRM.ServerManagement,Remove-AzureRmServerManagementSession.md,No examples found
AzureRM.ServerManagement,Reset-AzureRmServerManagementGatewayProfile.md,No examples found
AzureRM.ServerManagement,Save-AzureRmServerManagementGatewayProfile.md,No examples found
AzureRM.SiteRecovery,Edit-AzureRmSiteRecoveryRecoveryPlan.md,No examples found
AzureRM.SiteRecovery,Get-AzureRmSiteRecoveryFabric.md,No examples found
AzureRM.SiteRecovery,Get-AzureRmSiteRecoveryJob.md,No examples found
AzureRM.SiteRecovery,Get-AzureRmSiteRecoveryNetwork.md,No examples found
AzureRM.SiteRecovery,Get-AzureRmSiteRecoveryNetworkMapping.md,No examples found
AzureRM.SiteRecovery,Get-AzureRmSiteRecoveryPolicy.md,No examples found
AzureRM.SiteRecovery,Get-AzureRmSiteRecoveryProtectableItem.md,No examples found
AzureRM.SiteRecovery,Get-AzureRmSiteRecoveryProtectionContainer.md,No examples found
AzureRM.SiteRecovery,Get-AzureRmSiteRecoveryProtectionContainerMapping.md,No examples found
AzureRM.SiteRecovery,Get-AzureRmSiteRecoveryProtectionEntity.md,No examples found
AzureRM.SiteRecovery,Get-AzureRmSiteRecoveryRecoveryPlan.md,No examples found
AzureRM.SiteRecovery,Get-AzureRmSiteRecoveryRecoveryPoint.md,No examples found
AzureRM.SiteRecovery,Get-AzureRmSiteRecoveryReplicationProtectedItem.md,No examples found
AzureRM.SiteRecovery,Get-AzureRmSiteRecoveryServer.md,No examples found
AzureRM.SiteRecovery,Get-AzureRmSiteRecoveryServicesProvider.md,No examples found
AzureRM.SiteRecovery,Get-AzureRmSiteRecoverySite.md,No examples found
AzureRM.SiteRecovery,Get-AzureRmSiteRecoveryStorageClassification.md,No examples found
AzureRM.SiteRecovery,Get-AzureRmSiteRecoveryStorageClassificationMapping.md,No examples found
AzureRM.SiteRecovery,Get-AzureRmSiteRecoveryVault.md,No examples found
AzureRM.SiteRecovery,Get-AzureRmSiteRecoveryVaultSettings.md,No examples found
AzureRM.SiteRecovery,Get-AzureRmSiteRecoveryVaultSettingsFile.md,No examples found
AzureRM.SiteRecovery,Get-AzureRmSiteRecoveryVM.md,No examples found
AzureRM.SiteRecovery,Import-AzureRmSiteRecoveryVaultSettingsFile.md,No examples found
AzureRM.SiteRecovery,New-AzureRmSiteRecoveryFabric.md,No examples found
AzureRM.SiteRecovery,New-AzureRmSiteRecoveryNetworkMapping.md,No examples found
AzureRM.SiteRecovery,New-AzureRmSiteRecoveryPolicy.md,No examples found
AzureRM.SiteRecovery,New-AzureRmSiteRecoveryProtectionContainerMapping.md,No examples found
AzureRM.SiteRecovery,New-AzureRmSiteRecoveryReplicationProtectedItem.md,No examples found
AzureRM.SiteRecovery,New-AzureRmSiteRecoverySite.md,No examples found
AzureRM.SiteRecovery,New-AzureRmSiteRecoveryStorageClassificationMapping.md,No examples found
AzureRM.SiteRecovery,New-AzureRmSiteRecoveryVault.md,No examples found
AzureRM.SiteRecovery,Remove-AzureRmSiteRecoveryFabric.md,No examples found
AzureRM.SiteRecovery,Remove-AzureRmSiteRecoveryNetworkMapping.md,No examples found
AzureRM.SiteRecovery,Remove-AzureRmSiteRecoveryPolicy.md,No examples found
AzureRM.SiteRecovery,Remove-AzureRmSiteRecoveryProtectionContainerMapping.md,No examples found
AzureRM.SiteRecovery,Remove-AzureRmSiteRecoveryReplicationProtectedItem.md,No examples found
AzureRM.SiteRecovery,Remove-AzureRmSiteRecoveryServer.md,No examples found
AzureRM.SiteRecovery,Remove-AzureRmSiteRecoveryServicesProvider.md,No examples found
AzureRM.SiteRecovery,Remove-AzureRmSiteRecoverySite.md,No examples found
AzureRM.SiteRecovery,Remove-AzureRmSiteRecoveryStorageClassificationMapping.md,No examples found
AzureRM.SiteRecovery,Remove-AzureRmSiteRecoveryVault.md,No examples found
AzureRM.SiteRecovery,Restart-AzureRmSiteRecoveryJob.md,No examples found
AzureRM.SiteRecovery,Resume-AzureRmSiteRecoveryJob.md,No examples found
AzureRM.SiteRecovery,Set-AzureRmSiteRecoveryProtectionEntity.md,No examples found
AzureRM.SiteRecovery,Set-AzureRmSiteRecoveryReplicationProtectedItem.md,No examples found
AzureRM.SiteRecovery,Set-AzureRmSiteRecoveryVaultSettings.md,No examples found
AzureRM.SiteRecovery,Set-AzureRmSiteRecoveryVM.md,No examples found
AzureRM.SiteRecovery,Start-AzureRmSiteRecoveryApplyRecoveryPoint.md,No examples found
AzureRM.SiteRecovery,Start-AzureRmSiteRecoveryCommitFailoverJob.md,No examples found
AzureRM.SiteRecovery,Start-AzureRmSiteRecoveryPlannedFailoverJob.md,No examples found
AzureRM.SiteRecovery,Start-AzureRmSiteRecoveryPolicyAssociationJob.md,No examples found
AzureRM.SiteRecovery,Start-AzureRmSiteRecoveryPolicyDissociationJob.md,No examples found
AzureRM.SiteRecovery,Start-AzureRmSiteRecoveryTestFailoverJob.md,No examples found
AzureRM.SiteRecovery,Start-AzureRmSiteRecoveryUnplannedFailoverJob.md,No examples found
AzureRM.SiteRecovery,Stop-AzureRmSiteRecoveryJob.md,No examples found
AzureRM.SiteRecovery,Update-AzureRmSiteRecoveryPolicy.md,No synopsis found
AzureRM.SiteRecovery,Update-AzureRmSiteRecoveryPolicy.md,No description found
AzureRM.SiteRecovery,Update-AzureRmSiteRecoveryPolicy.md,No examples found
AzureRM.SiteRecovery,Update-AzureRmSiteRecoveryProtectionDirection.md,No examples found
AzureRM.SiteRecovery,Update-AzureRmSiteRecoveryServer.md,No examples found
AzureRM.SiteRecovery,Update-AzureRmSiteRecoveryServicesProvider.md,No examples found
AzureRM.Sql,Get-AzureRmSqlDatabaseBackupLongTermRetentionPolicy.md,No examples found
AzureRM.Sql,Get-AzureRmSqlDatabaseGeoBackupPolicy.md,No examples found
AzureRM.Sql,Get-AzureRmSqlDatabaseReplicationLink.md,No examples found
AzureRM.Sql,Get-AzureRmSqlServerBackupLongTermRetentionVault.md,No examples found
AzureRM.Sql,Get-AzureRmSqlServerDisasterRecoveryConfiguration.md,No examples found
AzureRM.Sql,Get-AzureRmSqlServerDisasterRecoveryConfigurationActivity.md,No examples found
AzureRM.Sql,New-AzureRmSqlDatabaseCopy.md,No examples found
AzureRM.Sql,New-AzureRmSqlDatabaseSecondary.md,No examples found
AzureRM.Sql,New-AzureRmSqlServerDisasterRecoveryConfiguration.md,No examples found
AzureRM.Sql,Remove-AzureRmSqlDatabaseSecondary.md,No examples found
AzureRM.Sql,Remove-AzureRmSqlServerDisasterRecoveryConfiguration.md,No examples found
AzureRM.Sql,Set-AzureRmSqlDatabaseBackupLongTermRetentionPolicy.md,No examples found
AzureRM.Sql,Set-AzureRmSqlDatabaseGeoBackupPolicy.md,No examples found
AzureRM.Sql,Set-AzureRmSqlDatabaseSecondary.md,No examples found
AzureRM.Sql,Set-AzureRmSqlServerBackupLongTermRetentionVault.md,No examples found
AzureRM.Sql,Set-AzureRmSqlServerDisasterRecoveryConfiguration.md,No examples found
AzureRM.Websites,Edit-AzureRmWebAppBackupConfiguration.md,No synopsis found
AzureRM.Websites,Edit-AzureRmWebAppBackupConfiguration.md,No examples found
AzureRM.Websites,Get-AzureRmAppServicePlanMetrics.md,No synopsis found
AzureRM.Websites,Get-AzureRmWebAppBackup.md,No synopsis found
AzureRM.Websites,Get-AzureRmWebAppBackupConfiguration.md,No synopsis found
AzureRM.Websites,Get-AzureRmWebAppBackupList.md,No synopsis found
AzureRM.Websites,New-AzureRmWebAppBackup.md,No synopsis found
AzureRM.Websites,New-AzureRmWebAppDatabaseBackupSetting.md,No synopsis found
AzureRM.Websites,Remove-AzureRmWebAppBackup.md,No synopsis found
AzureRM.Websites,Remove-AzureRmWebAppSlot.md,No synopsis found
AzureRM.Websites,Reset-AzureRmWebAppPublishingProfile.md,No synopsis found
AzureRM.Websites,Reset-AzureRmWebAppSlotPublishingProfile.md,No synopsis found
AzureRM.Websites,Restart-AzureRmWebAppSlot.md,No synopsis found
AzureRM.Websites,Restore-AzureRmWebAppBackup.md,No synopsis found
